tender_id,tenderID,date_created,date_modified,status,main_category,cpv_id,cpv_description,value_amount,value_currency,procuring_entity_name,procuring_entity_edrpou,region
e8bf841c2d1f48458c2b0a552de2eeb7,UA-2026-08-21-012930-a,2026-08-21T20:26:07.018289+03:00,2026-08-21T21:35:09.035550+03:00,complete,goods,15550000-8,Молочні продукти різні,219.3,UAH,Золочівський професійний ліцей,02545365,Львівська область
6e90b3dd3b63496b848e24c97768049b,UA-2026-08-21-013024-a,2026-08-21T21:30:28.503725+03:00,2026-08-21T21:34:55.091558+03:00,active,goods,15870000-7,Заправки та приправи,4400.0,UAH,Зіньківський дитячий будинок-інтернат імені О.В. Синяговського,03189222,Полтавська область
1592d9b7b6f34eaeb92254bb1a37d446,UA-2026-08-21-012995-a,2026-08-21T21:13:32.041641+03:00,2026-08-21T21:26:42.605729+03:00,complete,goods,15510000-6,Молоко та вершки,49800.0,UAH,Зіньківський дитячий будинок-інтернат імені О.В. Синяговського,03189222,Полтавська область
71da67c53599415b86cfab14a4405bd5,UA-2026-08-21-013009-a,2026-08-21T21:23:25.121135+03:00,2026-08-21T21:26:25.129488+03:00,complete,goods,15860000-4,"Кава, чай та супутня продукція",7150.0,UAH,Професійно-технічне училище № 36 смт. Новгородка,02544974,Кіровоградська область
7d71e1e4d1744d06bad7c117e81288d0,UA-2026-08-17-000549-a,2026-08-17T09:17:25.295319+03:00,2026-08-21T21:21:44.449973+03:00,active.awarded,goods,15810000-9,"Хлібопродукти, свіжовипечені хлібобулочні та кондитерські вироби",320000.0,UAH,БЕРЕЖАНСЬКИЙ ПСИХОНЕВРОЛОГІЧНИЙ БУДИНОК-ІНТЕРНАТ,03189506,Тернопільська область
66f7559fb1ee40ac998aa755651e1538,UA-2026-08-21-013003-a,2026-08-21T21:18:26.528333+03:00,2026-08-21T21:19:18.200033+03:00,complete,goods,15840000-8,Какао; шоколад та цукрові кондитерські вироби,975.0,UAH,Професійно-технічне училище № 36 смт. Новгородка,02544974,Кіровоградська область
38f7bb1918944079b673bff7505b514f,UA-2026-08-21-012999-a,2026-08-21T21:14:41.345798+03:00,2026-08-21T21:15:32.294297+03:00,complete,goods,15510000-6,Молоко та вершки,4608.0,UAH,Професійно-технічне училище № 36 смт. Новгородка,02544974,Кіровоградська область
89d3e9334b3b4551a73f044d80e116b9,UA-2026-08-21-012990-a,2026-08-21T21:11:16.935495+03:00,2026-08-21T21:13:54.842190+03:00,complete,goods,15530000-2,Вершкове масло,16680.0,UAH,Житомирська спеціальна школа Житомирської обласної ради,05395948,Житомирська область
de75b60c770f4f129c8b9f37b906b792,UA-2026-08-18-007657-a,2026-08-18T14:18:34.167215+03:00,2026-08-21T21:00:39.361599+03:00,active.awarded,goods,15320000-7,Фруктові та овочеві соки,40000.0,UAH,"ВІДДІЛ ОСВІТИ, КУЛЬТУРИ, МОЛОДІ ТА СПОРТУ ТУЗЛІВСЬКОЇ СІЛЬСЬКОЇ РАДИ",43927184,Одеська область
dea0763e1d55457a8188d657fddc4ebd,UA-2026-08-18-006858-a,2026-08-18T13:46:18.529361+03:00,2026-08-21T21:00:00.242806+03:00,active.qualification,goods,15110000-2,М’ясо,152650.0,UAH,"КЗ-ЗДО ""Казка""",43728252,Київська область
7b6a5d2307c34ce58838a79da432935d,UA-2026-08-18-012067-a,2026-08-18T16:46:41.776357+03:00,2026-08-21T20:59:28.904546+03:00,active.awarded,goods,15110000-2,М’ясо,136666.67,UAH,"ВІДДІЛ ОСВІТИ, КУЛЬТУРИ, МОЛОДІ ТА СПОРТУ ТУЗЛІВСЬКОЇ СІЛЬСЬКОЇ РАДИ",43927184,Одеська область
3a69cecd67984de5821c46cd3b6e7ba4,UA-2026-08-18-012550-a,2026-08-18T17:17:48.353033+03:00,2026-08-21T20:57:43.443371+03:00,active.awarded,goods,15530000-2,Вершкове масло,33333.33,UAH,"ВІДДІЛ ОСВІТИ, КУЛЬТУРИ, МОЛОДІ ТА СПОРТУ ТУЗЛІВСЬКОЇ СІЛЬСЬКОЇ РАДИ",43927184,Одеська область
17bb49783e8848e98788e61f93796d41,UA-2026-08-21-012967-a,2026-08-21T20:54:25.695136+03:00,2026-08-21T20:56:27.344552+03:00,complete,goods,15321000-4,Фруктові соки,8154.0,UAH,Житомирська спеціальна школа Житомирської обласної ради,05395948,Житомирська область
ba66ec767cb94998abce7151d047905d,UA-2026-08-18-012911-a,2026-08-18T18:02:19.071972+03:00,2026-08-21T20:55:31.218585+03:00,active.awarded,goods,15510000-6,Молоко та вершки,43333.33,UAH,"ВІДДІЛ ОСВІТИ, КУЛЬТУРИ, МОЛОДІ ТА СПОРТУ ТУЗЛІВСЬКОЇ СІЛЬСЬКОЇ РАДИ",43927184,Одеська область
d9c346dc1b8941f68900ab7b87384c4d,UA-2026-08-21-012960-a,2026-08-21T20:49:37.377759+03:00,2026-08-21T20:51:29.251983+03:00,active.tendering,goods,15320000-7,Фруктові та овочеві соки,45500.0,UAH,"Комунальна установа ""Ананьївський ліцей №1 Ананьївської міської ради""",24778036,Одеська область
ec91a851c23245de94e1e5d86b5d69dc,UA-2026-08-21-012938-a,2026-08-21T20:33:41.019324+03:00,2026-08-21T20:35:38.310138+03:00,complete,goods,15421000-5,Рафіновані олії,11550.0,UAH,Житомирська спеціальна школа Житомирської обласної ради,05395948,Житомирська область
24a94ab096284f348bc9a6c43a12f6eb,UA-2026-08-21-012940-a,2026-08-21T20:33:53.623275+03:00,2026-08-21T20:34:03.298818+03:00,active.tendering,goods,15330000-0,Оброблені фрукти та овочі,1059000.0,UAH,ВІДДІЛ ОСВІТИ ВИКОНКОМУ ПОКРОВСЬКОЇ РАЙОННОЇ В МІСТІ РАДИ,02142282,Дніпропетровська область
0304c99e0f5640f7831b61f19c345580,UA-2026-08-21-012939-a,2026-08-21T20:33:43.609361+03:00,2026-08-21T20:34:01.129787+03:00,active.tendering,goods,15610000-7,Продукція борошномельно-круп'яної промисловості,131880.04,UAH,КРЕМЕНЧУЦЬКИЙ ЛІЦЕЙ № 5 ІМЕНІ Т.Г.ШЕВЧЕНКА КРЕМЕНЧУЦЬКОЇ МІСЬКОЇ РАДИ КРЕМЕНЧУЦЬКОГО РАЙОНУ ПОЛТАВСЬКОЇ ОБЛАСТІ,41280898,Полтавська область
b996b35f99a04ae2981b551e7ec0fa9d,UA-2026-08-21-012934-a,2026-08-21T20:29:22.611731+03:00,2026-08-21T20:31:42.110130+03:00,active.tendering,goods,15530000-2,Вершкове масло,21498.75,UAH,"Комунальна установа ""Ананьївський ліцей №1 Ананьївської міської ради""",24778036,Одеська область
4efda20e7cce499dbea2324f25ec6b82,UA-2026-08-21-012923-a,2026-08-21T20:21:58.329018+03:00,2026-08-21T20:25:01.271860+03:00,active.tendering,goods,15110000-2,М’ясо,431416.67,UAH,"КОМУНАЛЬНИЙ ЗАКЛАД ""ЛІЦЕЙ № 26"" КАМ'ЯНСЬКОЇ МІСЬКОЇ РАДИ",23641894,Дніпропетровська область
f68d71d85ec54207abad36ee130c4214,UA-2026-08-19-003610-a,2026-08-19T11:15:49.291251+03:00,2026-08-21T20:23:04.893629+03:00,complete,goods,15850000-1,Макаронні вироби,7368.8,UAH,"Комунальний заклад вищої освіти ""Хортицька національна навчально-реабілітаційна академія"" Запорізької обласної ради",22133718,Запорізька область
24d7c676a6be49e7a4a8a5ce2c554ad5,UA-2026-08-21-012895-a,2026-08-21T20:05:35.485110+03:00,2026-08-21T20:19:55.956146+03:00,complete,goods,15810000-9,"Хлібопродукти, свіжовипечені хлібобулочні та кондитерські вироби",9432.99,UAH,Удобненський ліцей Маяківської сільської ради Одеського району Одеської області,34169287,Одеська область
ffba319873fc4bba877ab80c68b6e491,UA-2026-08-19-002401-a,2026-08-19T10:35:37.174509+03:00,2026-08-21T20:18:13.729616+03:00,complete,goods,15820000-2,Сухарі та печиво; пресерви з хлібобулочних і кондитерських виробів,5148.0,UAH,"Комунальний заклад вищої освіти ""Хортицька національна навчально-реабілітаційна академія"" Запорізької обласної ради",22133718,Запорізька область
7820d0fe110e4f338a6533ac364e8b17,UA-2026-08-21-012887-a,2026-08-21T20:01:19.450783+03:00,2026-08-21T20:17:15.571037+03:00,active.tendering,goods,15110000-2,М’ясо,761296.67,UAH,Батівська селищна рада,22093410,Закарпатська область
f8a02c947ec64234a914712d6a5a3cac,UA-2026-08-21-012913-a,2026-08-21T20:14:22.928906+03:00,2026-08-21T20:17:11.522479+03:00,active.tendering,goods,15610000-7,Продукція борошномельно-круп'яної промисловості,126033.33,UAH,Батівська селищна рада,22093410,Закарпатська область
ddb98c7e145c441a869ecbd15c3ce3ab,UA-2026-08-21-012847-a,2026-08-21T19:31:23.351727+03:00,2026-08-21T20:17:11.339696+03:00,active.tendering,goods,15540000-5,Сирні продукти,125750.0,UAH,Батівська селищна рада,22093410,Закарпатська область
c62b1cb4ac854bbfbb9aeec6eb498d4c,UA-2026-08-21-012778-a,2026-08-21T19:00:26.656297+03:00,2026-08-21T20:17:10.916465+03:00,active.tendering,goods,15610000-7,Продукція борошномельно-круп'яної промисловості,111400.0,UAH,Батівська селищна рада,22093410,Закарпатська область
eef2da7fa878406a8fc491bf84f747e5,UA-2026-08-21-012838-a,2026-08-21T19:23:58.093609+03:00,2026-08-21T20:17:10.971877+03:00,active.tendering,goods,15220000-6,"Риба, рибне філе та інше м’ясо риби морожені",178500.0,UAH,Батівська селищна рада,22093410,Закарпатська область
8522a38645d043ce8e31576518bdff2f,UA-2026-08-21-012807-a,2026-08-21T19:09:44.566040+03:00,2026-08-21T20:17:10.523931+03:00,active.tendering,goods,15110000-2,М’ясо,736541.67,UAH,Батівська селищна рада,22093410,Закарпатська область
c0a95f18e10a49da9ad1b1c3dfe3e0d1,UA-2026-08-21-012485-a,2026-08-21T17:49:05.231839+03:00,2026-08-21T20:17:10.312051+03:00,active.tendering,goods,15220000-6,"Риба, рибне філе та інше м’ясо риби морожені",198000.0,UAH,Батівська селищна рада,22093410,Закарпатська область
79abe8327c004f14a01c70d2e4d9a14f,UA-2026-08-21-012423-a,2026-08-21T17:39:48.027222+03:00,2026-08-21T20:17:10.176174+03:00,active.tendering,goods,15540000-5,Сирні продукти,84716.67,UAH,Батівська селищна рада,22093410,Закарпатська область
f6c20961d6264f26b6477a91778da785,UA-2026-08-21-012884-a,2026-08-21T19:59:04.890795+03:00,2026-08-21T20:17:09.523906+03:00,complete,goods,15530000-2,Вершкове масло,46603.35,UAH,Заклад дошкільної освіти № 57 міста Житомира,22061841,Житомирська область
3433e4a18f3049eeb2b281b1345724d3,UA-2026-08-19-001521-a,2026-08-19T10:00:30.505535+03:00,2026-08-21T20:16:09.866220+03:00,complete,goods,15610000-7,Продукція борошномельно-круп'яної промисловості,25434.5,UAH,"Комунальний заклад вищої освіти ""Хортицька національна навчально-реабілітаційна академія"" Запорізької обласної ради",22133718,Запорізька область
320b2850f78a470caf87750f695e5136,UA-2026-08-21-012908-a,2026-08-21T20:12:01.148447+03:00,2026-08-21T20:12:09.477006+03:00,active.tendering,goods,15540000-5,Сирні продукти,775000.0,UAH,ВІДДІЛ ОСВІТИ ВИКОНКОМУ ПОКРОВСЬКОЇ РАЙОННОЇ В МІСТІ РАДИ,02142282,Дніпропетровська область
42bdc4c8375c4633bcd5cae6a4ad8ef6,UA-2026-08-17-012158-a,2026-08-17T17:57:09.319957+03:00,2026-08-21T20:11:10.249878+03:00,active.awarded,goods,15110000-2,М’ясо,407500.0,UAH,Славутська гімназія №4 Славутської міської ради,26514587,Хмельницька область
6d02f89875964adaa7ed87f8512ad17a,UA-2026-08-21-012891-a,2026-08-21T20:04:22.707458+03:00,2026-08-21T20:04:39.199898+03:00,active.tendering,goods,15550000-8,Молочні продукти різні,76650.67,UAH,КРЕМЕНЧУЦЬКИЙ ЛІЦЕЙ № 5 ІМЕНІ Т.Г.ШЕВЧЕНКА КРЕМЕНЧУЦЬКОЇ МІСЬКОЇ РАДИ КРЕМЕНЧУЦЬКОГО РАЙОНУ ПОЛТАВСЬКОЇ ОБЛАСТІ,41280898,Полтавська область
07eb6fc2f60841e8a6073cb29d038c04,UA-2026-08-21-012889-a,2026-08-21T20:03:50.025675+03:00,2026-08-21T20:03:59.725568+03:00,active.tendering,goods,15530000-2,Вершкове масло,110000.0,UAH,ВІДДІЛ ОСВІТИ ВИКОНКОМУ ПОКРОВСЬКОЇ РАЙОННОЇ В МІСТІ РАДИ,02142282,Дніпропетровська область
b5a1d8f8c23247489575b74771e9323d,UA-2026-08-21-012877-a,2026-08-21T19:54:18.047732+03:00,2026-08-21T19:57:12.168875+03:00,active.tendering,goods,15540000-5,Сирні продукти,71240.6,UAH,"Комунальна установа ""Ананьївський ліцей №1 Ананьївської міської ради""",24778036,Одеська область
c457c15b772d4959841584a3c71cbd87,UA-2026-08-21-012873-a,2026-08-21T19:52:08.582731+03:00,2026-08-21T19:52:26.753607+03:00,active.tendering,goods,15540000-5,Сирні продукти,185160.0,UAH,КРЕМЕНЧУЦЬКИЙ ЛІЦЕЙ № 5 ІМЕНІ Т.Г.ШЕВЧЕНКА КРЕМЕНЧУЦЬКОЇ МІСЬКОЇ РАДИ КРЕМЕНЧУЦЬКОГО РАЙОНУ ПОЛТАВСЬКОЇ ОБЛАСТІ,41280898,Полтавська область
347f2f649d3f42e7a1960e952c3e75b4,UA-2026-08-21-012872-a,2026-08-21T19:50:47.827352+03:00,2026-08-21T19:52:05.919571+03:00,active.tendering,goods,15530000-2,Вершкове масло,75000.0,UAH,"Комунальне некомерційне підприємство ""Жовківська лікарня"" Жовківської міської ради Львівського району Львівської області",01996409,Львівська область
40c2606457bb4708ab7690da5afa5ddc,UA-2026-08-21-012869-a,2026-08-21T19:47:55.153024+03:00,2026-08-21T19:50:05.127030+03:00,active.tendering,goods,15330000-0,Оброблені фрукти та овочі,14026.67,UAH,"КОМУНАЛЬНИЙ НАВЧАЛЬНИЙ ЗАКЛАД ""КМИТІВСЬКА СПЕЦІАЛЬНА ЗАГАЛЬНООСВІТНЯ ШКОЛА-ІНТЕРНАТ"" ЖИТОМИРСЬКОЇ ОБЛАСНОЇ РАДИ",20407784,Житомирська область
5516c88896a941fea269fab6bb55bff5,UA-2026-08-21-012864-a,2026-08-21T19:45:04.480334+03:00,2026-08-21T19:48:20.493500+03:00,active.tendering,goods,15330000-0,Оброблені фрукти та овочі,170280.0,UAH,НОВОМАР'ЇВСЬКА СІЛЬСЬКА РАДА ВОЗНЕСЕНСЬКОГО РАЙОНУ МИКОЛАЇВСЬКОЇ ОБЛАСТІ,04376009,Миколаївська область
f6cd6c1dd4ce40bcb9169f4d495acc6e,UA-2026-08-21-012856-a,2026-08-21T19:40:13.275625+03:00,2026-08-21T19:40:30.974801+03:00,active.tendering,goods,15530000-2,Вершкове масло,105000.0,UAH,КРЕМЕНЧУЦЬКИЙ ЛІЦЕЙ № 5 ІМЕНІ Т.Г.ШЕВЧЕНКА КРЕМЕНЧУЦЬКОЇ МІСЬКОЇ РАДИ КРЕМЕНЧУЦЬКОГО РАЙОНУ ПОЛТАВСЬКОЇ ОБЛАСТІ,41280898,Полтавська область
2e4c73df416d4b1f8529d37d1b94ffb4,UA-2026-08-21-012845-a,2026-08-21T19:29:42.138327+03:00,2026-08-21T19:37:23.632164+03:00,active.tendering,goods,15220000-6,"Риба, рибне філе та інше м’ясо риби морожені",54320.0,UAH,"Комунальна установа ""Ананьївський ліцей №1 Ананьївської міської ради""",24778036,Одеська область
d4dda33e61334c76a1e26866e594c30b,UA-2026-08-21-012848-a,2026-08-21T19:31:32.562136+03:00,2026-08-21T19:31:52.078163+03:00,active.tendering,goods,15510000-6,Молоко та вершки,37500.0,UAH,КРЕМЕНЧУЦЬКИЙ ЛІЦЕЙ № 5 ІМЕНІ Т.Г.ШЕВЧЕНКА КРЕМЕНЧУЦЬКОЇ МІСЬКОЇ РАДИ КРЕМЕНЧУЦЬКОГО РАЙОНУ ПОЛТАВСЬКОЇ ОБЛАСТІ,41280898,Полтавська область
e2b62904e65041a49ab14efc79c9cc0b,UA-2026-08-21-012792-a,2026-08-21T19:04:50.033396+03:00,2026-08-21T19:14:28.496445+03:00,complete,goods,15610000-7,Продукція борошномельно-круп'яної промисловості,5161.0,UAH,Золочівський професійний ліцей,02545365,Львівська область
8d7d1df7e2f042c78bcfba3ccc4164b9,UA-2026-08-21-012801-a,2026-08-21T19:07:36.369717+03:00,2026-08-21T19:08:58.108668+03:00,active.tendering,goods,15110000-2,М’ясо,73466.67,UAH,"Сумська загальноосвітня школа І-ІІІ ступенів №20 м.Суми, Сумської області",21115919,Сумська область
a884e32882df4404afcdaa61a9c8dd13,UA-2026-08-21-012793-a,2026-08-21T19:05:00.231864+03:00,2026-08-21T19:05:13.123255+03:00,active.tendering,goods,15610000-7,Продукція борошномельно-круп'яної промисловості,136780.0,UAH,ВІЙСЬКОВА ЧАСТИНА 3047 НАЦІОНАЛЬНОЇ ГВАРДІЇ УКРАЇНИ,08803738,
b3102654480e4c41b7faada40b07e154,UA-2026-08-18-008454-a,2026-08-18T14:44:00.649183+03:00,2026-08-21T19:01:11.923016+03:00,active.awarded,goods,15220000-6,"Риба, рибне філе та інше м’ясо риби морожені",104600.0,UAH,КЗ Чортківський ліцей №5 Чортківської міської ради Тернопільської області,24618963,Тернопільська область
0af6fc4bac8540448cda591e6ac94395,UA-2026-08-18-013266-a,2026-08-18T19:45:30.706957+03:00,2026-08-21T19:00:00.136806+03:00,unsuccessful,goods,15810000-9,"Хлібопродукти, свіжовипечені хлібобулочні та кондитерські вироби",169000.0,UAH,Середнянська селищна рада Ужгородського району Закарпатської області,04349923,Закарпатська область
d5f43995cb7144ed863e6f659fb1a919,UA-2026-08-21-012774-a,2026-08-21T18:59:31.199834+03:00,2026-08-21T18:59:38.903829+03:00,active.tendering,goods,15610000-7,Продукція борошномельно-круп'яної промисловості,168000.0,UAH,ВІЙСЬКОВА ЧАСТИНА 3047 НАЦІОНАЛЬНОЇ ГВАРДІЇ УКРАЇНИ,08803738,
513b34546ec3487b8f703b02c1c5ab33,UA-2026-08-21-012759-a,2026-08-21T18:55:49.143986+03:00,2026-08-21T18:57:20.167717+03:00,complete,goods,15860000-4,"Кава, чай та супутня продукція",1110.0,UAH,"Комунальне некомерційне підприємство ""Іллінецька міська лікарня"" Іллінецької міської ради
",01982531,Вінницька область
3460a886abec42a5a838aa1fb455d568,UA-2026-08-21-012763-a,2026-08-21T18:56:59.055364+03:00,2026-08-21T18:57:15.531182+03:00,active.tendering,goods,15610000-7,Продукція борошномельно-круп'яної промисловості,154000.0,UAH,ВІЙСЬКОВА ЧАСТИНА 3047 НАЦІОНАЛЬНОЇ ГВАРДІЇ УКРАЇНИ,08803738,
9b87bbc412384152b6b682370a4124b2,UA-2026-08-21-012742-a,2026-08-21T18:50:50.400157+03:00,2026-08-21T18:57:14.949151+03:00,complete,goods,15510000-6,Молоко та вершки,918.6,UAH,Золочівський професійний ліцей,02545365,Львівська область
04b17e4d170740e684490d3ee7afb553,UA-2026-08-21-012758-a,2026-08-21T18:55:33.472714+03:00,2026-08-21T18:56:13.471179+03:00,active.tendering,goods,15330000-0,Оброблені фрукти та овочі,82261.67,UAH,КРЕМЕНЧУЦЬКА ГІМНАЗІЯ №8 КРЕМЕНЧУЦЬКОЇ МІСЬКОЇ РАДИ КРЕМЕНЧУЦЬКОГО РАЙОНУ ПОЛТАВСЬКОЇ ОБЛАСТІ,24827827,Полтавська область
a56129b9e9fa47519edf3164d07fff83,UA-2026-08-21-012749-a,2026-08-21T18:53:10.815536+03:00,2026-08-21T18:54:23.148574+03:00,active.tendering,goods,15610000-7,Продукція борошномельно-круп'яної промисловості,80000.0,UAH,ВІЙСЬКОВА ЧАСТИНА 3047 НАЦІОНАЛЬНОЇ ГВАРДІЇ УКРАЇНИ,08803738,
5b5ecc0df605491993a85ad583a106d0,UA-2026-08-21-012741-a,2026-08-21T18:50:22.801893+03:00,2026-08-21T18:51:47.918394+03:00,complete,goods,15870000-7,Заправки та приправи,636.0,UAH,"Комунальне некомерційне підприємство ""Іллінецька міська лікарня"" Іллінецької міської ради
",01982531,Вінницька область
a5e46aa2b20c43239b3519eb6c2f123d,UA-2026-08-21-012740-a,2026-08-21T18:50:07.967808+03:00,2026-08-21T18:50:26.119806+03:00,active.tendering,goods,15610000-7,Продукція борошномельно-круп'яної промисловості,111025.0,UAH,ВІЙСЬКОВА ЧАСТИНА 3047 НАЦІОНАЛЬНОЇ ГВАРДІЇ УКРАЇНИ,08803738,
392ae17bbb1649029fb3a78057ff4cbd,UA-2026-08-21-012732-a,2026-08-21T18:45:05.862912+03:00,2026-08-21T18:46:12.265421+03:00,complete,goods,15890000-3,Продукти харчування та сушені продукти різні,31.0,UAH,"Комунальне некомерційне підприємство ""Іллінецька міська лікарня"" Іллінецької міської ради
",01982531,Вінницька область
6bb36c73aa254d3189313a825c7b5a29,UA-2026-08-21-012716-a,2026-08-21T18:38:55.695219+03:00,2026-08-21T18:44:21.637447+03:00,complete,goods,15820000-2,Сухарі та печиво; пресерви з хлібобулочних і кондитерських виробів,690.0,UAH,Золочівський професійний ліцей,02545365,Львівська область
c17485ee9c254afeaffff637714f1287,UA-2026-08-21-012730-a,2026-08-21T18:43:36.263159+03:00,2026-08-21T18:43:54.442766+03:00,active.tendering,goods,15610000-7,Продукція борошномельно-круп'яної промисловості,51000.0,UAH,ВІЙСЬКОВА ЧАСТИНА 3047 НАЦІОНАЛЬНОЇ ГВАРДІЇ УКРАЇНИ,08803738,
4c9dad872a284ca6aa277036e47aab81,UA-2026-08-21-012722-a,2026-08-21T18:41:21.258902+03:00,2026-08-21T18:43:13.297989+03:00,active.tendering,goods,15110000-2,М’ясо,148250.0,UAH,"Комунальна установа ""Ананьївський ліцей №1 Ананьївської міської ради""",24778036,Одеська область
74c7c85c62094409bcdacf24f59c9668,UA-2026-08-21-012721-a,2026-08-21T18:40:26.596592+03:00,2026-08-21T18:40:37.892930+03:00,active.tendering,goods,15610000-7,Продукція борошномельно-круп'яної промисловості,39000.0,UAH,ВІЙСЬКОВА ЧАСТИНА 3047 НАЦІОНАЛЬНОЇ ГВАРДІЇ УКРАЇНИ,08803738,
46d2689e2ee24ac38e6f5fd4c6e2527a,UA-2026-08-21-012714-a,2026-08-21T18:38:05.253557+03:00,2026-08-21T18:38:14.638637+03:00,active.tendering,goods,15610000-7,Продукція борошномельно-круп'яної промисловості,37250.0,UAH,ВІЙСЬКОВА ЧАСТИНА 3047 НАЦІОНАЛЬНОЇ ГВАРДІЇ УКРАЇНИ,08803738,
cf149c7a247742a58d7ddc0bff35e16d,UA-2026-08-21-012668-a,2026-08-21T18:25:28.867553+03:00,2026-08-21T18:37:00.913186+03:00,active.tendering,goods,15220000-6,"Риба, рибне філе та інше м’ясо риби морожені",225000.0,UAH,Мельнице-Подільський психоневрологічний будинок-інтернат,21163568,Тернопільська область
9da8be95e38242d3ae23a8e89adbcba3,UA-2026-08-21-012626-a,2026-08-21T18:15:51.394289+03:00,2026-08-21T18:35:09.159218+03:00,complete,goods,15840000-8,Какао; шоколад та цукрові кондитерські вироби,12314.37,UAH,"КУ ""Сервісний офіс ""Хаб Ветеран""",45159276,Одеська область
6b2d53a765724775bf8aeaf904aea0f6,UA-2026-08-21-012693-a,2026-08-21T18:32:13.249760+03:00,2026-08-21T18:34:30.478539+03:00,active.tendering,goods,15610000-7,Продукція борошномельно-круп'яної промисловості,208459.0,UAH,КОПАЧІВСЬКА СІЛЬСЬКА РАДА,04334755,Волинська область
132caf970e05479eb043496bc7d96624,UA-2026-08-21-012696-a,2026-08-21T18:33:48.775810+03:00,2026-08-21T18:34:28.381305+03:00,active.tendering,goods,15610000-7,Продукція борошномельно-круп'яної промисловості,39000.0,UAH,ВІЙСЬКОВА ЧАСТИНА 3047 НАЦІОНАЛЬНОЇ ГВАРДІЇ УКРАЇНИ,08803738,
03cee69ddfcc46e4ae69825b2dafe3cd,UA-2026-08-21-012672-a,2026-08-21T18:26:25.759165+03:00,2026-08-21T18:33:20.052307+03:00,complete,goods,15830000-5,Цукор і супутня продукція,1468.8,UAH,Золочівський професійний ліцей,02545365,Львівська область
abb06e606b1d4404b3f29950a4309e8a,UA-2026-08-21-012675-a,2026-08-21T18:27:01.800133+03:00,2026-08-21T18:30:24.490792+03:00,active.tendering,goods,15110000-2,М’ясо,74700.0,UAH,СПАСЬКИЙ ЛІЦЕЙ ІМЕНІ ІВАНА ФРАНКА НИЖНЬОВЕРБІЗЬКОЇ СІЛЬСЬКОЇ РАДИ,20564259,Івано-Франківська область
dafe0c66d7f7498492b4c142209ecf28,UA-2026-08-21-012682-a,2026-08-21T18:28:26.380711+03:00,2026-08-21T18:29:25.673148+03:00,complete,goods,15870000-7,Заправки та приправи,811.0,UAH,"Комунальне некомерційне підприємство ""Іллінецька міська лікарня"" Іллінецької міської ради
",01982531,Вінницька область
6e2ab8bdfec4402a959ed3e7921bceae,UA-2026-08-21-012678-a,2026-08-21T18:27:44.846551+03:00,2026-08-21T18:28:32.436912+03:00,complete,goods,15870000-7,Заправки та приправи,171.74,UAH,"Державний навчальний заклад ""Золотоніський професійний ліцей""",02548759,Черкаська область
75e2fcf5b2ee4d18875cb2105740098e,UA-2026-08-21-012664-a,2026-08-21T18:22:59.480157+03:00,2026-08-21T18:25:59.632295+03:00,active.tendering,goods,15330000-0,Оброблені фрукти та овочі,163573.0,UAH,КОПАЧІВСЬКА СІЛЬСЬКА РАДА,04334755,Волинська область
8a540149c8964417a4c7c12bcdcc7b16,UA-2026-08-21-012643-a,2026-08-21T18:18:52.249618+03:00,2026-08-21T18:25:10.381373+03:00,complete,goods,15540000-5,Сирні продукти,321.0,UAH,"Комунальне некомерційне підприємство "" Борівська центральна лікарня Борівської селищної ради """,02002807,Харківська область
b62101c33e2c408cace09daf07641ffc,UA-2026-08-21-012660-a,2026-08-21T18:22:22.742816+03:00,2026-08-21T18:24:21.978116+03:00,active.tendering,goods,15110000-2,М’ясо,60000.0,UAH,БІЛІВСЬКИЙ ЛІЦЕЙ ЗОРЯНСЬКОЇ СІЛЬСЬКОЇ РАДИ РІВНЕНСЬКОГО РАЙОНУ РІВНЕНСЬКОЇ ОБЛАСТІ,25315704,Рівненська область
1e75e018e9f146d6b76dec36d913f91d,UA-2026-08-21-012662-a,2026-08-21T18:22:55.215393+03:00,2026-08-21T18:23:52.387856+03:00,complete,goods,15510000-6,Молоко та вершки,1980.0,UAH,"Комунальне некомерційне підприємство ""Іллінецька міська лікарня"" Іллінецької міської ради
",01982531,Вінницька область
c1d7e66f083740bfbeca9602d0c96200,UA-2026-08-21-012645-a,2026-08-21T18:19:09.377084+03:00,2026-08-21T18:19:58.628316+03:00,complete,goods,15850000-1,Макаронні вироби,191.92,UAH,"Державний навчальний заклад ""Золотоніський професійний ліцей""",02548759,Черкаська область
5219c4db5bd649bf9c605c76e15e8506,UA-2026-08-21-012605-a,2026-08-21T18:12:08.434092+03:00,2026-08-21T18:18:41.720002+03:00,complete,goods,15530000-2,Вершкове масло,6176.0,UAH,Золочівський професійний ліцей,02545365,Львівська область
315693f848e6414f913aaf00716e3dd2,UA-2026-08-21-012637-a,2026-08-21T18:17:41.786323+03:00,2026-08-21T18:18:38.688240+03:00,complete,goods,15550000-8,Молочні продукти різні,2605.0,UAH,"Комунальне некомерційне підприємство ""Іллінецька міська лікарня"" Іллінецької міської ради
",01982531,Вінницька область
664f636e344243ebadfd2f152d040ae3,UA-2026-08-21-012633-a,2026-08-21T18:17:13.472787+03:00,2026-08-21T18:18:25.401275+03:00,active.tendering,goods,15320000-7,Фруктові та овочеві соки,100000.0,UAH,ВІДДІЛ ОСВІТИ СОЛОНЯНСЬКОЇ СЕЛИЩНОЇ РАДИ,41760708,Дніпропетровська область
24b9d118cb2345d6bad3de52ea169c8e,UA-2026-08-21-012612-a,2026-08-21T18:13:10.833631+03:00,2026-08-21T18:13:53.726759+03:00,complete,goods,15830000-5,Цукор і супутня продукція,55.18,UAH,"Державний навчальний заклад ""Золотоніський професійний ліцей""",02548759,Черкаська область
c4a7b32afeae4b639a1dcda52cc32c2a,UA-2026-08-21-012603-a,2026-08-21T18:11:56.557602+03:00,2026-08-21T18:12:56.254863+03:00,complete,goods,15320000-7,Фруктові та овочеві соки,5643.0,UAH,"Комунальне некомерційне підприємство ""Іллінецька міська лікарня"" Іллінецької міської ради
",01982531,Вінницька область
e6e830ab8c514c8986a67df9010602d9,UA-2026-08-17-012494-a,2026-08-17T19:55:54.035153+03:00,2026-08-21T18:12:05.690746+03:00,active.tendering,goods,15862000-8,Замінники кави,159467.5,UAH,Національна академія Служби безпеки України,20001823,м. Київ
a27c92b5ee2c4c81889596d52936743b,UA-2026-08-18-013791-a,2026-08-18T23:52:39.807668+03:00,2026-08-21T18:12:03.001173+03:00,active.awarded,goods,15330000-0,Оброблені фрукти та овочі,87735.0,UAH,"ТАРАЩАНСЬКИЙ АКАДЕМІЧНИЙ ЛІЦЕЙ ""ЕРУДИТ"" ТАРАЩАНСЬКОЇ МІСЬКОЇ РАДИ КИЇВСЬКОЇ ОБЛАСТІ",24882690,Київська область
8f5c794dce484ea8a69f920d0207ff63,UA-2026-08-21-012597-a,2026-08-21T18:09:36.621203+03:00,2026-08-21T18:09:55.311599+03:00,active.tendering,goods,15330000-0,Оброблені фрукти та овочі,11587.5,UAH,ЗАКЛАД ЗАГАЛЬНОЇ СЕРЕДНЬОЇ ОСВІТИ ''НОВОДОЛИНСЬКА ГІМНАЗІЯ'' АВАНГАРДІВСЬКОЇ СЕЛИЩНОЇ РАДИ,34312040,Одеська область
b2e99fd7a8704c3c981400b46e225388,UA-2026-08-18-013780-a,2026-08-18T23:43:38.743505+03:00,2026-08-21T18:09:47.198272+03:00,active.awarded,goods,15220000-6,"Риба, рибне філе та інше м’ясо риби морожені",93060.0,UAH,"ТАРАЩАНСЬКИЙ АКАДЕМІЧНИЙ ЛІЦЕЙ ""ЕРУДИТ"" ТАРАЩАНСЬКОЇ МІСЬКОЇ РАДИ КИЇВСЬКОЇ ОБЛАСТІ",24882690,Київська область
074630a7bc9c412ebe2415fa09735000,UA-2026-08-21-012554-a,2026-08-21T18:02:06.260625+03:00,2026-08-21T18:08:12.964659+03:00,complete,goods,15220000-6,"Риба, рибне філе та інше м’ясо риби морожені",2365.0,UAH,"Комунальне некомерційне підприємство "" Борівська центральна лікарня Борівської селищної ради """,02002807,Харківська область
31a571f4f2a84d62bc4d054ffcfb667a,UA-2026-08-21-012582-a,2026-08-21T18:07:17.524425+03:00,2026-08-21T18:07:55.822662+03:00,complete,goods,15820000-2,Сухарі та печиво; пресерви з хлібобулочних і кондитерських виробів,48.76,UAH,"Державний навчальний заклад ""Золотоніський професійний ліцей""",02548759,Черкаська область
3fb2e91a4c3f477c81b02fec069bea00,UA-2026-08-21-012561-a,2026-08-21T18:03:16.116599+03:00,2026-08-21T18:07:19.869139+03:00,complete,goods,15550000-8,Молочні продукти різні,3540.0,UAH,"Комунальне некомерційне підприємство ""Романівська лікарня"" Романівської селищної ради",01991613,Житомирська область
4066c64f63cb4ce59040e168b5f53808,UA-2026-08-21-012578-a,2026-08-21T18:06:20.575309+03:00,2026-08-21T18:07:16.163021+03:00,complete,goods,15890000-3,Продукти харчування та сушені продукти різні,15.5,UAH,"Комунальне некомерційне підприємство ""Іллінецька міська лікарня"" Іллінецької міської ради
",01982531,Вінницька область
f20afc9d577b4e73a5911323ac4ee3bc,UA-2026-08-21-012567-a,2026-08-21T18:04:19.057811+03:00,2026-08-21T18:06:51.988152+03:00,complete,goods,15610000-7,Продукція борошномельно-круп'яної промисловості,5980.0,UAH,"Комунальне некомерційне підприємство ""Романівська лікарня"" Романівської селищної ради",01991613,Житомирська область
c6b21b046016480dbd4807fb842e1a38,UA-2026-08-21-012557-a,2026-08-21T18:02:13.910521+03:00,2026-08-21T18:06:45.306560+03:00,complete,goods,15850000-1,Макаронні вироби,1750.0,UAH,"Комунальне некомерційне підприємство ""Романівська лікарня"" Романівської селищної ради",01991613,Житомирська область
3364361a08794faf95b530cd917914b8,UA-2026-08-21-012544-a,2026-08-21T18:00:55.485539+03:00,2026-08-21T18:06:43.553750+03:00,complete,goods,15830000-5,Цукор і супутня продукція,3900.0,UAH,"Комунальне некомерційне підприємство ""Романівська лікарня"" Романівської селищної ради",01991613,Житомирська область
94675d017e304884ad176b4a113411d5,UA-2026-08-21-012535-a,2026-08-21T17:59:33.935603+03:00,2026-08-21T18:06:42.346030+03:00,complete,goods,15511000-3,Молоко,1050.0,UAH,"Комунальне некомерційне підприємство ""Романівська лікарня"" Романівської селищної ради",01991613,Житомирська область
433f4fb066fa4e82aa7d96d4ea252eab,UA-2026-08-21-012283-a,2026-08-21T17:17:37.956093+03:00,2026-08-21T18:06:22.793401+03:00,active.tendering,goods,15220000-6,"Риба, рибне філе та інше м’ясо риби морожені",160650.0,UAH,ВІДДІЛ ОСВІТИ СОЛОНЯНСЬКОЇ СЕЛИЩНОЇ РАДИ,41760708,Дніпропетровська область
4552f2ab30ce4c959b79cf22ca2e4fde,UA-2026-08-21-012471-a,2026-08-21T17:46:06.827625+03:00,2026-08-21T18:05:14.723409+03:00,complete,goods,15820000-2,Сухарі та печиво; пресерви з хлібобулочних і кондитерських виробів,36516.24,UAH,"КУ ""Сервісний офіс ""Хаб Ветеран""",45159276,Одеська область
d73cd56b0f7c40e3a8d569244ed71a90,UA-2026-08-21-012528-a,2026-08-21T17:58:40.391896+03:00,2026-08-21T18:05:12.756602+03:00,complete,goods,15420000-8,Рафіновані олії та жири,1556.1,UAH,Золочівський професійний ліцей,02545365,Львівська область
939a256b5d894e65b9d06a4ececbfc49,UA-2026-08-21-012560-a,2026-08-21T18:02:41.488412+03:00,2026-08-21T18:03:24.051907+03:00,complete,goods,15810000-9,"Хлібопродукти, свіжовипечені хлібобулочні та кондитерські вироби",27.98,UAH,"Державний навчальний заклад ""Золотоніський професійний ліцей""",02548759,Черкаська область
fa0b6fc9018344d5bd0b6fce88045527,UA-2026-08-21-012519-a,2026-08-21T17:56:50.593367+03:00,2026-08-21T18:03:12.809633+03:00,complete,goods,15850000-1,Макаронні вироби,291.0,UAH,"Комунальне некомерційне підприємство "" Борівська центральна лікарня Борівської селищної ради """,02002807,Харківська область
518174e54bee4a7696131a05a8867a97,UA-2026-08-21-012552-a,2026-08-21T18:01:32.300978+03:00,2026-08-21T18:02:28.171640+03:00,complete,goods,15540000-5,Сирні продукти,2195.65,UAH,"Комунальне некомерційне підприємство ""Іллінецька міська лікарня"" Іллінецької міської ради
",01982531,Вінницька область
150042b9519c462f8764d3e1b7740f7a,UA-2026-08-21-012529-a,2026-08-21T17:58:41.487244+03:00,2026-08-21T17:59:18.597432+03:00,active.tendering,goods,15110000-2,М’ясо,647900.0,UAH,"КОМУНАЛЬНЕ НЕКОМЕРЦІЙНЕ ПІДПРИЄМСТВО ""ХМЕЛЬНИЦЬКИЙ ОБЛАСНИЙ ГОСПІТАЛЬ ВЕТЕРАНІВ ВІЙНИ"" ХМЕЛЬНИЦЬКОЇ ОБЛАСНОЇ РАДИ",21312761,Хмельницька область
33866a6d7f8f4677b74444b75b7a997e,UA-2026-08-21-012496-a,2026-08-21T17:51:15.558079+03:00,2026-08-21T17:57:20.412312+03:00,complete,goods,15860000-4,"Кава, чай та супутня продукція",297.5,UAH,"Комунальне некомерційне підприємство "" Борівська центральна лікарня Борівської селищної ради """,02002807,Харківська область
709088133f7741669f2aaaa168fc38f5,UA-2026-08-21-012517-a,2026-08-21T17:56:19.855317+03:00,2026-08-21T17:57:18.207924+03:00,active.tendering,goods,15550000-8,Молочні продукти різні,75937.5,UAH,ТАРАСІВСЬКИЙ ЛІЦЕЙ ВЕЛИКОДИМЕРСЬКОЇ СЕЛИЩНОЇ РАДИ БРОВАРСЬКОГО РАЙОНУ КИЇВСЬКОЇ ОБЛАСТІ,25301292,Київська область
26a1a71d61fd46549ed6bd9eced3a94f,UA-2026-08-21-012516-a,2026-08-21T17:56:06.327416+03:00,2026-08-21T17:56:38.719383+03:00,complete,goods,15860000-4,"Кава, чай та супутня продукція",25200.0,UAH,ВИНОГРАДІВСЬКИЙ ПСИХОНЕВРОЛОГІЧНИЙ ІНТЕРНАТ,03190484,Хмельницька область
4a1a6671f88346488030f46d05157a1a,UA-2026-08-21-012498-a,2026-08-21T17:52:23.898830+03:00,2026-08-21T17:53:03.909422+03:00,complete,goods,15620000-0,Крохмалі та крохмалепродукти,33.9,UAH,"Державний навчальний заклад ""Золотоніський професійний ліцей""",02548759,Черкаська область
36326f9a6c9b43909477b516e18bf020,UA-2026-08-21-012465-a,2026-08-21T17:45:14.147060+03:00,2026-08-21T17:51:42.954654+03:00,complete,goods,15110000-2,М’ясо,1100.0,UAH,"Комунальне некомерційне підприємство "" Борівська центральна лікарня Борівської селищної ради """,02002807,Харківська область
5659e55326e74ab59c063ac2372694a2,UA-2026-08-21-012495-a,2026-08-21T17:51:10.100892+03:00,2026-08-21T17:51:35.970643+03:00,complete,goods,15842300-5,Солодощі,28200.0,UAH,"Комунальна установа ""Центр реабілітації осіб з вадами психофізичного розвитку""",25948289,Одеська область
aeec6dcea2fc4dc08fd8f209ce560ac7,UA-2026-08-21-012452-a,2026-08-21T17:43:25.016436+03:00,2026-08-21T17:50:23.977503+03:00,complete,goods,15330000-0,Оброблені фрукти та овочі,2251.0,UAH,Золочівський професійний ліцей,02545365,Львівська область
dd52558d16f64f0c9c20580b5438ccd3,UA-2026-08-21-012486-a,2026-08-21T17:49:11.244088+03:00,2026-08-21T17:50:11.295260+03:00,complete,goods,15221000-3,Морожена риба,23400.0,UAH,"ФІЛІЯ ""ЛІСОВИЙ НАВЧАЛЬНИЙ ЦЕНТР"" ДЕРЖАВНОГО СПЕЦІАЛІЗОВАНОГО ГОСПОДАРСЬКОГО ПІДПРИЄМСТВА ""ЛІСИ УКРАЇНИ""",45136971,Київська область
a5119ead58fb47abbfeac447f2b9b904,UA-2026-08-21-012474-a,2026-08-21T17:47:08.546869+03:00,2026-08-21T17:47:51.035256+03:00,complete,goods,15530000-2,Вершкове масло,302.69,UAH,"Державний навчальний заклад ""Золотоніський професійний ліцей""",02548759,Черкаська область
1c0c2cbfec404b27b2fa4905c7831322,UA-2026-08-21-012462-a,2026-08-21T17:45:02.010856+03:00,2026-08-21T17:46:11.087654+03:00,active.tendering,goods,15610000-7,Продукція борошномельно-круп'яної промисловості,375000.0,UAH,ВІДДІЛ ОСВІТИ ВИКОНКОМУ ПОКРОВСЬКОЇ РАЙОННОЇ В МІСТІ РАДИ,02142282,Дніпропетровська область
7889aff078a5449fb180b8c62e6b0d45,UA-2026-08-18-012824-a,2026-08-18T17:49:24.964761+03:00,2026-08-21T17:45:00.172542+03:00,active.qualification,goods,15540000-5,Сирні продукти,29333.47,UAH,"Відділ освіти, культури, молоді та спорту Трибухівської сільської ради",41513827,Тернопільська область
119bc00eb6114f43b3c1512be678c63f,UA-2026-08-21-012450-a,2026-08-21T17:43:00.985835+03:00,2026-08-21T17:43:41.200257+03:00,complete,goods,15510000-6,Молоко та вершки,255.84,UAH,"Державний навчальний заклад ""Золотоніський професійний ліцей""",02548759,Черкаська область
68507571c0b44376aab7fa1bd991eb37,UA-2026-08-21-012398-a,2026-08-21T17:36:27.197380+03:00,2026-08-21T17:42:19.865617+03:00,complete,goods,15550000-8,Молочні продукти різні,145.5,UAH,"Комунальне некомерційне підприємство "" Борівська центральна лікарня Борівської селищної ради """,02002807,Харківська область
ff09a1c6e2ec418ab1747cf3ca6a9ec8,UA-2026-08-21-012033-a,2026-08-21T16:47:26.810419+03:00,2026-08-21T17:39:53.388921+03:00,complete,goods,15830000-5,Цукор і супутня продукція,383.76,UAH,Управління СБУ в Закарпатській області,20001562,Закарпатська область
faf0ac8d6d234847bc09e3487b47e096,UA-2026-08-21-012410-a,2026-08-21T17:38:14.317585+03:00,2026-08-21T17:39:06.977513+03:00,active.tendering,goods,15540000-5,Сирні продукти,130458.33,UAH,ТАРАСІВСЬКИЙ ЛІЦЕЙ ВЕЛИКОДИМЕРСЬКОЇ СЕЛИЩНОЇ РАДИ БРОВАРСЬКОГО РАЙОНУ КИЇВСЬКОЇ ОБЛАСТІ,25301292,Київська область
7e0202ea6de04ae08d5c9c56689818ae,UA-2026-08-21-012388-a,2026-08-21T17:34:48.021529+03:00,2026-08-21T17:39:01.196952+03:00,complete,goods,15330000-0,Оброблені фрукти та овочі,137.24,UAH,"Державний навчальний заклад ""Золотоніський професійний ліцей""",02548759,Черкаська область
41c6ac841a9545edb349d6bc1e9a1a0f,UA-2026-08-21-012405-a,2026-08-21T17:37:22.757700+03:00,2026-08-21T17:38:41.827151+03:00,active.tendering,goods,15420000-8,Рафіновані олії та жири,95000.0,UAH,Середнянська селищна рада Ужгородського району Закарпатської області,04349923,Закарпатська область
4d01bdb7acb247999aa531cf9ba8ee80,UA-2026-08-21-012366-a,2026-08-21T17:30:31.417306+03:00,2026-08-21T17:36:13.807654+03:00,complete,goods,15330000-0,Оброблені фрукти та овочі,1657.5,UAH,"Комунальне некомерційне підприємство "" Борівська центральна лікарня Борівської селищної ради """,02002807,Харківська область
23dd206e3634480b96816358a71e291e,UA-2026-08-21-012370-a,2026-08-21T17:30:52.055412+03:00,2026-08-21T17:32:12.510153+03:00,active.tendering,goods,15110000-2,М’ясо,74000.0,UAH,"ДЕРЖАВНЕ НЕКОМЕРЦІЙНЕ ТОВАРИСТВО ""ІНСТИТУТ ОЦІНЮВАННЯ ФУНКЦІОНУВАННЯ""",03191673,Дніпропетровська область
8d529fe6f0134b068ee6a2257089f6af,UA-2026-08-21-012336-a,2026-08-21T17:25:02.028961+03:00,2026-08-21T17:31:15.662013+03:00,complete,goods,15863200-7,Чорний чай,2650.5,UAH,Золочівський професійний ліцей,02545365,Львівська область
a1819144abb2436ba2e6867092b8bc51,UA-2026-08-21-012320-a,2026-08-21T17:22:39.350546+03:00,2026-08-21T17:30:30.850787+03:00,complete,goods,15510000-6,Молоко та вершки,720.0,UAH,"Комунальне некомерційне підприємство "" Борівська центральна лікарня Борівської селищної ради """,02002807,Харківська область
6e2a566d705f47ccb6610eec128d5964,UA-2026-08-21-012358-a,2026-08-21T17:28:52.357869+03:00,2026-08-21T17:29:30.510005+03:00,complete,goods,15110000-2,М’ясо,471.28,UAH,"Державний навчальний заклад ""Золотоніський професійний ліцей""",02548759,Черкаська область
95a64e1279af43aaade2ecf67e19f3c3,UA-2026-08-18-013762-a,2026-08-18T23:21:58.108148+03:00,2026-08-21T17:28:55.598097+03:00,active.awarded,goods,15810000-9,"Хлібопродукти, свіжовипечені хлібобулочні та кондитерські вироби",115830.0,UAH,"ТАРАЩАНСЬКИЙ АКАДЕМІЧНИЙ ЛІЦЕЙ ""ЕРУДИТ"" ТАРАЩАНСЬКОЇ МІСЬКОЇ РАДИ КИЇВСЬКОЇ ОБЛАСТІ",24882690,Київська область
910b12a3b0384a65a81dfbe2da4cd29d,UA-2026-08-21-012288-a,2026-08-21T17:18:33.056811+03:00,2026-08-21T17:28:47.284827+03:00,active.tendering,goods,15540000-5,Сирні продукти,35520.0,UAH,КЗ Вільховецький будинок-інтернат для громадян похилого віку та осіб з інвалідністю,25879660,Хмельницька область
0b3c3b6f14784b698ca96ce3bda0c397,UA-2026-08-17-012408-a,2026-08-17T19:15:34.775367+03:00,2026-08-21T17:26:03.326916+03:00,complete,goods,15610000-7,Продукція борошномельно-круп’яної промисловості,20000.0,UAH,Державна установа Київський слідчий ізолятор,08563694,Київська область
893853de4c094ae8bcbf673e45a6223c,UA-2026-08-21-012324-a,2026-08-21T17:23:31.409710+03:00,2026-08-21T17:25:10.518115+03:00,active.tendering,goods,15420000-8,Рафіновані олії та жири,4391.87,UAH,УПРАВЛІННЯ ОСВІТИ І НАУКИ ЗВЯГЕЛЬСЬКОЇ МІСЬКОЇ РАДИ,02143229,Житомирська область
4847305bb03d4c04a24bb4e5ec436c2e,UA-2026-08-21-012325-a,2026-08-21T17:23:42.217487+03:00,2026-08-21T17:24:42.206780+03:00,complete,goods,15860000-4,"Кава, чай та супутня продукція",5535.2,UAH,"ПОЗАМІСЬКИЙ ДИТЯЧИЙ ЗАКЛАД ОЗДОРОВЛЕННЯ ТА ВІДПОЧИНКУ ""ЧАЙКА"" ХМЕЛЬНИЦЬКОЇ МІСЬКОЇ РАДИ""",37000540,Хмельницька область
a662e1f0a5c44eac96dfdc774119f991,UA-2026-08-21-012293-a,2026-08-21T17:18:50.120214+03:00,2026-08-21T17:23:18.780559+03:00,active.tendering,goods,15220000-6,"Риба, рибне філе та інше м’ясо риби морожені",29866.67,UAH,КЗ «ЗОЛ «Захисник» ЗОР,25821241,Запорізька область
d7dd8c2f3302415b99f6d89b70c4bec1,UA-2026-08-21-012317-a,2026-08-21T17:22:20.339160+03:00,2026-08-21T17:22:31.171158+03:00,active.tendering,goods,15870000-7,Заправки та приправи,3513.33,UAH,ВІЙСЬКОВА ЧАСТИНА 3113 НАЦІОНАЛЬНОЇ ГВАРДІЇ УКРАЇНИ,44862706,Чернівецька область
3222701087e94d5bbbf3117b7c74f03c,UA-2026-08-17-012396-a,2026-08-17T19:12:35.456117+03:00,2026-08-21T17:21:49.093801+03:00,complete,goods,15610000-7,Продукція борошномельно-круп’яної промисловості,17500.0,UAH,Державна установа Київський слідчий ізолятор,08563694,Київська область
0348f5c0424842e8a3e42dd447a850f4,UA-2026-08-21-012297-a,2026-08-21T17:19:25.752832+03:00,2026-08-21T17:20:17.471167+03:00,active.tendering,goods,15530000-2,Вершкове масло,52500.0,UAH,ТАРАСІВСЬКИЙ ЛІЦЕЙ ВЕЛИКОДИМЕРСЬКОЇ СЕЛИЩНОЇ РАДИ БРОВАРСЬКОГО РАЙОНУ КИЇВСЬКОЇ ОБЛАСТІ,25301292,Київська область
6743f775fd344b49a3567fa49c76b0f3,UA-2026-08-21-012230-a,2026-08-21T17:10:56.898806+03:00,2026-08-21T17:19:37.293240+03:00,active.tendering,goods,15220000-6,"Риба, рибне філе та інше м’ясо риби морожені",160000.0,UAH,СПЕЦІАЛЬНА ШКОЛА №1 В СМТ КЛЕВАНЬ РІВНЕНСЬКОЇ ОБЛАСНОЇ РАДИ,21087614,Рівненська область
590f60c3b84642d094d03441c661d4ab,UA-2026-08-21-012268-a,2026-08-21T17:15:22.174733+03:00,2026-08-21T17:19:32.971496+03:00,active.tendering,goods,15530000-2,Вершкове масло,37213.0,UAH,Бродівський заклад дошкільної освіти №7 Бродівської міської ради Львівської області,22354164,Львівська область
bb67d98fd42f410b9d878c9867719d25,UA-2026-08-21-012284-a,2026-08-21T17:18:02.401860+03:00,2026-08-21T17:18:41.374754+03:00,complete,goods,15870000-7,Заправки та приправи,4501.2,UAH,"ПОЗАМІСЬКИЙ ДИТЯЧИЙ ЗАКЛАД ОЗДОРОВЛЕННЯ ТА ВІДПОЧИНКУ ""ЧАЙКА"" ХМЕЛЬНИЦЬКОЇ МІСЬКОЇ РАДИ""",37000540,Хмельницька область
34a310fc0c1e441bac5281f299679cec,UA-2026-08-21-012207-a,2026-08-21T17:07:38.631387+03:00,2026-08-21T17:18:13.822163+03:00,complete,goods,15810000-9,"Хлібопродукти, свіжовипечені хлібобулочні та кондитерські вироби",4428.0,UAH,КЗ БОРЖАВСЬКА ГІМНАЗІЯ БЕРЕГІВСЬКОЇ МІСЬКОЇ РАДИ ЗАКАРПАТСЬКОЇ ОБЛАСТІ,26098858,Закарпатська область
132aadf6e1e042bb9dc9fd81505d6932,UA-2026-08-21-012249-a,2026-08-21T17:13:26.634750+03:00,2026-08-21T17:17:14.894304+03:00,active.tendering,goods,15220000-6,"Риба, рибне філе та інше м’ясо риби морожені",110260.0,UAH,"ОПОРНИЙ ЗАКЛАД ОСВІТИ ""МИРГОРОДСЬКИЙ ЛІЦЕЙ ІМЕНІ ІВАНА АНДРІЙОВИЧА ЗУБКОВСЬКОГО МИРГОРОДСЬКОЇ МІСЬКОЇ РАДИ ПОЛТАВСЬКОЇ ОБЛАСТІ""",22548709,Полтавська область
99ee5e6651944ccd823abdad74e7234a,UA-2026-08-17-012414-a,2026-08-17T19:18:36.562177+03:00,2026-08-21T17:17:05.823460+03:00,active.awarded,goods,15610000-7,Продукція борошномельно-круп'яної промисловості,20000.0,UAH,Державна установа Київський слідчий ізолятор,08563694,Київська область
6a5e362c78364b9f9a3e604d2f2945a1,UA-2026-08-21-012270-a,2026-08-21T17:15:41.320165+03:00,2026-08-21T17:16:31.055596+03:00,complete,goods,15890000-3,Продукти харчування та сушені продукти різні,84.0,UAH,"ВІДДІЛ ОСВІТИ, КУЛЬТУРИ, МОЛОДІ ТА СПОРТУ ГУРІВСЬКОЇ СІЛЬСЬКОЇ РАДИ КІРОВОГРАДСЬКОЇ ОБЛАСТІ",44074511,Кіровоградська область
84d39eb479c34758b3edf654528d9e2d,UA-2026-08-21-012186-a,2026-08-21T17:05:52.312886+03:00,2026-08-21T17:14:20.208613+03:00,complete,goods,15540000-5,Сирні продукти,2315.5,UAH,Золочівський професійний ліцей,02545365,Львівська область
b9a2f314e46f4409bf2c522f16e5b9c4,UA-2026-08-21-012246-a,2026-08-21T17:13:23.266122+03:00,2026-08-21T17:14:03.566740+03:00,complete,goods,15872400-5,Сіль,108.45,UAH,"ВІДДІЛ ОСВІТИ, КУЛЬТУРИ, МОЛОДІ ТА СПОРТУ ГУРІВСЬКОЇ СІЛЬСЬКОЇ РАДИ КІРОВОГРАДСЬКОЇ ОБЛАСТІ",44074511,Кіровоградська область
1f2589790970472c9aa729b54e782d70,UA-2026-08-21-012244-a,2026-08-21T17:13:14.314499+03:00,2026-08-21T17:13:29.358963+03:00,active.tendering,goods,15870000-7,Заправки та приправи,3942.5,UAH,ВІЙСЬКОВА ЧАСТИНА 3113 НАЦІОНАЛЬНОЇ ГВАРДІЇ УКРАЇНИ,44862706,Чернівецька область
3df179e872a148c38e176de50899908c,UA-2026-08-18-010651-a,2026-08-18T15:52:07.479017+03:00,2026-08-21T17:13:23.130119+03:00,active.awarded,goods,15540000-5,Сирні продукти,93150.0,UAH,"ВІДДІЛ ОСВІТИ, МОЛОДІЖНОЇ ПОЛІТИКИ ТА СПОРТУ СНЯТИНСЬКОЇ МІСЬКОЇ РАДИ КОЛОМИЙСЬКОГО РАЙОНУ ІВАНО-ФРАНКІВСЬКОЇ ОБЛАСТІ",43917808,Івано-Франківська область
ceb93830096442d9bb47895c1a1b81fa,UA-2026-08-18-012515-a,2026-08-18T17:14:18.685010+03:00,2026-08-21T17:13:00.290841+03:00,active.qualification,goods,15220000-6,"Риба, рибне філе та інше м’ясо риби морожені",92064.0,UAH,"Відділ освіти, культури, молоді та спорту Трибухівської сільської ради",41513827,Тернопільська область
004789655495486b9c9fc35274fb39dd,UA-2026-08-21-012194-a,2026-08-21T17:06:22.437980+03:00,2026-08-21T17:12:30.105838+03:00,active.tendering,goods,15850000-1,Макаронні вироби,6700.0,UAH,КЗ «ЗОЛ «Захисник» ЗОР,25821241,Запорізька область
06798859b96b4bfb8d7ecc35f9920879,UA-2026-08-17-011481-a,2026-08-17T16:50:16.472540+03:00,2026-08-21T17:11:43.280350+03:00,complete,goods,15610000-7,Продукція борошномельно-круп'яної промисловості,21707.25,UAH,"Відділ освіти, культури та туризму Великомихайлівської селищної ради Роздільнянського району Одеської області",40708982,Одеська область
aabca76ec0f143a6b5ca7904aa134c58,UA-2026-08-21-012228-a,2026-08-21T17:10:50.218102+03:00,2026-08-21T17:11:30.750795+03:00,active.tendering,goods,15810000-9,"Хлібопродукти, свіжовипечені хлібобулочні та кондитерські вироби",78890.0,UAH,Батівська селищна рада,22093410,Закарпатська область
fdd23756e95a49418a52f600414f09aa,UA-2026-08-18-011040-a,2026-08-18T16:05:28.509415+03:00,2026-08-21T17:09:02.855025+03:00,active.awarded,goods,15220000-6,"Риба, рибне філе та інше м’ясо риби морожені",122375.0,UAH,ТУЛЬЧИНСЬКИЙ ЛІЦЕЙ №1 ТУЛЬЧИНСЬКОЇ МІСЬКОЇ РАДИ ВІННИЦЬКОЇ ОБЛАСТІ,21723406,Вінницька область
01ed9777f5be423e856450565d6bf4fa,UA-2026-08-17-003346-a,2026-08-17T11:24:31.186657+03:00,2026-08-21T17:08:54.327799+03:00,active.qualification,goods,15110000-2,М’ясо,250500.0,UAH,Клеванський ліцей № 1 Клеванської селищної ради ,25317583,Рівненська область
aab09caa67684c209731fcb2a2e82d90,UA-2026-08-18-013338-a,2026-08-18T20:09:44.910521+03:00,2026-08-21T17:08:35.987697+03:00,active.awarded,goods,15110000-2,М’ясо,108000.0,UAH,Горожанський психоневрологічний інтернат,03190596,Миколаївська область
b3f464428c784eac8ac3c72a7333928f,UA-2026-08-21-012193-a,2026-08-21T17:06:13.054761+03:00,2026-08-21T17:08:20.393540+03:00,active.tendering,goods,15510000-6,Молоко та вершки,108000.0,UAH,ОСТРИЦЬКА СІЛЬСЬКА РАДА ЧЕРНІВЕЦЬКОГО РАЙОНУ ЧЕРНІВЕЦЬКОЇ ОБЛАСТІ,04418417,Чернівецька область
5e09eb29efa445d696d06cc5d15e4703,UA-2026-08-21-012195-a,2026-08-21T17:06:24.316534+03:00,2026-08-21T17:08:09.714803+03:00,active.tendering,goods,15110000-2,М’ясо,402000.0,UAH,ГОРОДКІВСЬКИЙ ЛІЦЕЙ №1 ГОРОДКІВСЬКОЇ СІЛЬСЬКОЇ РАДИ ТУЛЬЧИНСЬКОГО РАЙОНУ ВІННИЦЬКОЇ ОБЛАСТІ,26223312,Вінницька область
549f256ca65f4a5d9341d8d0ea7ab1f7,UA-2026-08-21-012197-a,2026-08-21T17:06:39.737315+03:00,2026-08-21T17:07:20.557139+03:00,complete,goods,15420000-8,Рафіновані олії та жири,2955.0,UAH,"ПОЗАМІСЬКИЙ ДИТЯЧИЙ ЗАКЛАД ОЗДОРОВЛЕННЯ ТА ВІДПОЧИНКУ ""ЧАЙКА"" ХМЕЛЬНИЦЬКОЇ МІСЬКОЇ РАДИ""",37000540,Хмельницька область
25281a3fec764b86ab1aa2e898cedf16,UA-2026-08-21-012178-a,2026-08-21T17:05:24.850565+03:00,2026-08-21T17:07:07.621014+03:00,active.tendering,goods,15530000-2,Вершкове масло,14133.2,UAH,УПРАВЛІННЯ ОСВІТИ І НАУКИ ЗВЯГЕЛЬСЬКОЇ МІСЬКОЇ РАДИ,02143229,Житомирська область
369cd662d26f4456b85afad03e0c53d5,UA-2026-08-21-012191-a,2026-08-21T17:06:10.704774+03:00,2026-08-21T17:06:46.222257+03:00,active.tendering,goods,15810000-9,"Хлібопродукти, свіжовипечені хлібобулочні та кондитерські вироби",136758.0,UAH,Батівська селищна рада,22093410,Закарпатська область
607c68b31fbd47ce86f341bc69e455a9,UA-2026-08-21-012196-a,2026-08-21T17:06:28.252280+03:00,2026-08-21T17:06:40.383768+03:00,active.tendering,goods,15870000-7,Заправки та приправи,10142.5,UAH,ВІЙСЬКОВА ЧАСТИНА 3113 НАЦІОНАЛЬНОЇ ГВАРДІЇ УКРАЇНИ,44862706,Чернівецька область
c9c7b680f2234ed1826a79846f1f18c7,UA-2026-08-18-010440-a,2026-08-18T15:45:43.332730+03:00,2026-08-21T17:06:38.272791+03:00,active.awarded,goods,15110000-2,М’ясо,612720.0,UAH,ТУЛЬЧИНСЬКИЙ ЛІЦЕЙ №1 ТУЛЬЧИНСЬКОЇ МІСЬКОЇ РАДИ ВІННИЦЬКОЇ ОБЛАСТІ,21723406,Вінницька область
987b6e18bb614185897f9afee26f149d,UA-2026-08-18-010951-a,2026-08-18T16:02:16.528828+03:00,2026-08-21T17:04:20.475184+03:00,active.awarded,goods,15320000-7,Фруктові та овочеві соки,737500.0,UAH,"ВІДДІЛ ОСВІТИ, КУЛЬТУРИ, СІМ'Ї, МОЛОДІ ТА СПОРТУ БОГДАНСЬКОЇ СІЛЬСЬКОЇ РАДИ",44070742,Закарпатська область
73ddca3261cc45d8bea6d72741094539,UA-2026-08-18-013335-a,2026-08-18T20:09:13.135634+03:00,2026-08-21T17:02:19.692247+03:00,active.awarded,goods,15220000-6,"Риба, рибне філе та інше м’ясо риби морожені",240000.0,UAH,КНЯЖИЦЬКИЙ ЛІЦЕЙ БРОВАРСЬКОЇ МІСЬКОЇ РАДИ БРОВАРСЬКОГО РАЙОНУ КИЇВСЬКОЇ ОБЛАСТІ,25299980,Київська область
abefad5ebf7944e99f7fca5b39e70a99,UA-2026-08-21-012154-a,2026-08-21T17:01:47.807129+03:00,2026-08-21T17:02:01.305621+03:00,active.tendering,goods,15870000-7,Заправки та приправи,8704.17,UAH,ВІЙСЬКОВА ЧАСТИНА 3113 НАЦІОНАЛЬНОЇ ГВАРДІЇ УКРАЇНИ,44862706,Чернівецька область
35be8a5790c44599aee698c1f6cd008a,UA-2026-08-21-011744-a,2026-08-21T16:22:24.637287+03:00,2026-08-21T17:00:49.606626+03:00,active.tendering,goods,15510000-6,Молоко та вершки,14432.6,UAH,Сарненський ліцей №1 ім. Т.Г.Шевченка Сарненської міської ради Сарненського району Рівненської області,22558783,Рівненська область
b920a3b17dff4ce4b0147f62b4db7059,UA-2026-08-18-011105-a,2026-08-18T16:07:46.596547+03:00,2026-08-21T17:00:00.590023+03:00,active.qualification,goods,15610000-7,Продукція борошномельно-круп'яної промисловості,126620.0,UAH,"Відділ освіти, молоді та спорту Бобринецької міської ради",40737491,Кіровоградська область
6075517088634836ad03140a8477eaa7,UA-2026-08-21-012135-a,2026-08-21T16:59:21.304066+03:00,2026-08-21T16:59:54.198957+03:00,active.tendering,goods,15540000-5,Сирні продукти,62675.0,UAH,"Комунальний заклад освіти ""Навчально-реабілітаційний центр ""Зоряний"" Дніпропетровської обласної ради""  ",20307568,Дніпропетровська область
3d514aa6a3144f9a8fe044ff76a03c16,UA-2026-08-21-012120-a,2026-08-21T16:56:41.331371+03:00,2026-08-21T16:58:33.774169+03:00,active.tendering,goods,15220000-6,"Риба, рибне філе та інше м’ясо риби морожені",192000.0,UAH,Середнянська селищна рада Ужгородського району Закарпатської області,04349923,Закарпатська область
a564bfda26384138bd2d4c37ae332b8c,UA-2026-08-21-012109-a,2026-08-21T16:55:24.471019+03:00,2026-08-21T16:58:23.692969+03:00,active.tendering,goods,15610000-7,Продукція борошномельно-круп'яної промисловості,66106.0,UAH,СКОРИКІВСЬКА СІЛЬСЬКА РАДА,04394303,Тернопільська область
7bf83d4e742f451eb7f1e3fa636a911f,UA-2026-08-21-012094-a,2026-08-21T16:54:00.237937+03:00,2026-08-21T16:58:16.467071+03:00,active.tendering,goods,15110000-2,М’ясо,162000.0,UAH,КЗ Поберезький ліцей Єзупільської селищної ради,20562875,Івано-Франківська область
e9921aad932a46039d5d204f8503ea24,UA-2026-08-21-012123-a,2026-08-21T16:57:30.422814+03:00,2026-08-21T16:58:13.462491+03:00,complete,goods,15623000-1,Крохмалі,158.95,UAH,"ВІДДІЛ ОСВІТИ, КУЛЬТУРИ, МОЛОДІ ТА СПОРТУ ГУРІВСЬКОЇ СІЛЬСЬКОЇ РАДИ КІРОВОГРАДСЬКОЇ ОБЛАСТІ",44074511,Кіровоградська область
906a8581b9e9487e876029d39cae1a0f,UA-2026-08-21-012028-a,2026-08-21T16:46:45.582409+03:00,2026-08-21T16:57:01.789016+03:00,active.tendering,goods,15820000-2,Сухарі та печиво; пресерви з хлібобулочних і кондитерських виробів,4200.0,UAH,КЗ «ЗОЛ «Захисник» ЗОР,25821241,Запорізька область
d572178609e345b58b9dcb91add379eb,UA-2026-08-21-012093-a,2026-08-21T16:53:53.357019+03:00,2026-08-21T16:56:43.385221+03:00,active.tendering,goods,15540000-5,Сирні продукти,75520.0,UAH,"Заклад дошкільної освіти (ясла-садок) комбінованого типу №9""Росинка""Сарненської міської ради",37261371,Рівненська область
7be0944f21c84bf6b762da8aa6757d49,UA-2026-08-21-011973-a,2026-08-21T16:40:51.321651+03:00,2026-08-21T16:56:25.811140+03:00,complete,goods,15850000-1,Макаронні вироби,6882.5,UAH,КЗ БОРЖАВСЬКА ГІМНАЗІЯ БЕРЕГІВСЬКОЇ МІСЬКОЇ РАДИ ЗАКАРПАТСЬКОЇ ОБЛАСТІ,26098858,Закарпатська область
29213d5ad3f94344b34cbc2dfb2c59d8,UA-2026-08-18-010322-a,2026-08-18T15:41:45.319206+03:00,2026-08-21T16:55:24.465555+03:00,complete,goods,15330000-0,Оброблені фрукти та овочі,1146200.0,UAH,"КОМУНАЛЬНЕ ПІДПРИЄМСТВО «ФАБРИКА-КУХНЯ ""ГОТУЇМО""» БУЧАНСЬКОЇ МІСЬКОЇ РАДИ",45366376,Київська область
5a8817cb221a423b802f64239259152b,UA-2026-08-21-012051-a,2026-08-21T16:49:31.793619+03:00,2026-08-21T16:55:21.426692+03:00,active.tendering,goods,15330000-0,Оброблені фрукти та овочі,35215.83,UAH,Вознесенська гімназія  №6 Вознесенської міської ради Миколаївської області,20907794,Миколаївська область
496786b92f2941d28bf54eb5bf080b30,UA-2026-08-21-012066-a,2026-08-21T16:51:01.985391+03:00,2026-08-21T16:51:31.061489+03:00,active.tendering,goods,15110000-2,М’ясо,5830.0,UAH,"Комунальний заклад освіти ""Навчально-реабілітаційний центр ""Зоряний"" Дніпропетровської обласної ради""  ",20307568,Дніпропетровська область
dd5f221987094e3985a3652bdd890b68,UA-2026-08-21-011728-a,2026-08-21T16:21:51.161623+03:00,2026-08-21T16:51:22.254883+03:00,complete,goods,15420000-8,Рафіновані олії та жири,1854.0,UAH,Управління СБУ в Закарпатській області,20001562,Закарпатська область
1c0218f8c1214be3bc629c479974b310,UA-2026-08-18-012233-a,2026-08-18T16:53:51.571006+03:00,2026-08-21T16:50:00.288607+03:00,active.qualification,goods,15610000-7,Продукція борошномельно-круп'яної промисловості,200000.0,UAH,Управління гуманітарного розвитку виконавчого комітету Гірської сільської ради Бориспільського району Київської області,44070248,Київська область
233a3b7977ba4397971bece0d9221636,UA-2026-08-21-012035-a,2026-08-21T16:47:39.088906+03:00,2026-08-21T16:49:28.329657+03:00,complete,goods,15830000-5,Цукор і супутня продукція,7740.0,UAH,"КОМУНАЛЬНА УСТАНОВА ""НОВОБОРІВСЬКИЙ ПСИХОНЕВРОЛОГІЧНИЙ ІНТЕРНАТ"" ЖИТОМИРСЬКОЇ ОБЛАСНОЇ РАДИ",33920250,Житомирська область
a330f2d6b0e249e784ab584b78da7862,UA-2026-08-21-012025-a,2026-08-21T16:46:03.899089+03:00,2026-08-21T16:48:18.309918+03:00,complete,goods,15863200-7,Чорний чай,235.2,UAH,"ВІДДІЛ ОСВІТИ, КУЛЬТУРИ, МОЛОДІ ТА СПОРТУ ГУРІВСЬКОЇ СІЛЬСЬКОЇ РАДИ КІРОВОГРАДСЬКОЇ ОБЛАСТІ",44074511,Кіровоградська область
f58c7568d7f74f13ad6697cdecc613fd,UA-2026-08-21-012022-a,2026-08-21T16:45:46.900096+03:00,2026-08-21T16:46:37.333262+03:00,complete,goods,15830000-5,Цукор і супутня продукція,1700.0,UAH,"ПОЗАМІСЬКИЙ ДИТЯЧИЙ ЗАКЛАД ОЗДОРОВЛЕННЯ ТА ВІДПОЧИНКУ ""ЧАЙКА"" ХМЕЛЬНИЦЬКОЇ МІСЬКОЇ РАДИ""",37000540,Хмельницька область
724edd1b9b924c25ada0fee4d336b6db,UA-2026-08-21-012026-a,2026-08-21T16:46:10.162827+03:00,2026-08-21T16:46:25.107529+03:00,active.tendering,goods,15540000-5,Сирні продукти,94500.0,UAH,ВІЙСЬКОВА ЧАСТИНА 1472,14321541,
3b330c3edfdf4b8d86b7a8a700dfdb87,UA-2026-08-21-012012-a,2026-08-21T16:44:53.785786+03:00,2026-08-21T16:45:59.640960+03:00,active.tendering,goods,15330000-0,Оброблені фрукти та овочі,108033.33,UAH,"Комунальний заклад освіти ""Навчально-реабілітаційний центр ""Зоряний"" Дніпропетровської обласної ради""  ",20307568,Дніпропетровська область
3fe2b09b89ab44558ef4dcd19acdb49b,UA-2026-08-21-012004-a,2026-08-21T16:44:10.344346+03:00,2026-08-21T16:45:16.602921+03:00,active.tendering,goods,15110000-2,М’ясо,122906.33,UAH,Дмитрівська селищна рада,04412395,Чернігівська область
5ed3015d8b7d4e67a8006808e59c2a02,UA-2026-08-21-012007-a,2026-08-21T16:44:30.127083+03:00,2026-08-21T16:44:54.607363+03:00,active.tendering,goods,15620000-0,Крохмалі та крохмалепродукти,19597.5,UAH,ВІДДІЛ ОРГАНІЗАЦІЇ ДІЯЛЬНОСТІ ЗАКЛАДІВ ОСВІТИ РАДЕХІВСЬКОЇ МІСЬКОЇ РАДИ,43081140,Львівська область
4fa8aa395bff4e3a8023162de7aa78ac,UA-2026-08-18-007941-a,2026-08-18T14:27:46.914686+03:00,2026-08-21T16:42:19.225538+03:00,active.qualification,goods,15110000-2,М’ясо,164103.75,UAH,"КОМУНАЛЬНИЙ ЗАКЛАД ОСВІТИ ""КОТОВСЬКА СПЕЦІАЛЬНА ШКОЛА"" ДНІПРОПЕТРОВСЬКОЇ ОБЛАСНОЇ РАДИ""",23078513,Дніпропетровська область
7abd07e41e634c1abd25fa9875e0ee7c,UA-2026-08-21-011979-a,2026-08-21T16:41:18.604901+03:00,2026-08-21T16:42:07.487423+03:00,complete,goods,15821150-5,Сухарі,128.25,UAH,"ВІДДІЛ ОСВІТИ, КУЛЬТУРИ, МОЛОДІ ТА СПОРТУ ГУРІВСЬКОЇ СІЛЬСЬКОЇ РАДИ КІРОВОГРАДСЬКОЇ ОБЛАСТІ",44074511,Кіровоградська область
6fdb5d4120f6488da367e7ce6f4ca92a,UA-2026-08-21-011978-a,2026-08-21T16:41:16.137388+03:00,2026-08-21T16:41:52.990373+03:00,complete,goods,15850000-1,Макаронні вироби,800.0,UAH,"ПОЗАМІСЬКИЙ ДИТЯЧИЙ ЗАКЛАД ОЗДОРОВЛЕННЯ ТА ВІДПОЧИНКУ ""ЧАЙКА"" ХМЕЛЬНИЦЬКОЇ МІСЬКОЇ РАДИ""",37000540,Хмельницька область
829e80c4d9dc4aedaf7dfc51768c3628,UA-2026-08-21-011925-a,2026-08-21T16:36:10.137681+03:00,2026-08-21T16:40:11.552629+03:00,active.tendering,goods,15610000-7,Продукція борошномельно-круп'яної промисловості,128429.17,UAH,Білоцерківська гімназія-початкова школа  № 5 Білоцерківської міської ради Київської області,25297403,Київська область
385409cbba334ad0bb8156d7210e96a2,UA-2026-08-21-011929-a,2026-08-21T16:36:40.269058+03:00,2026-08-21T16:38:33.805189+03:00,active.tendering,goods,15550000-8,Молочні продукти різні,104166.67,UAH,ОСТРИЦЬКА СІЛЬСЬКА РАДА ЧЕРНІВЕЦЬКОГО РАЙОНУ ЧЕРНІВЕЦЬКОЇ ОБЛАСТІ,04418417,Чернівецька область
705a3ad059544df09ca422f88d32f9b2,UA-2026-08-21-011937-a,2026-08-21T16:37:27.469215+03:00,2026-08-21T16:37:37.881616+03:00,active.tendering,goods,15110000-2,М’ясо,148416.67,UAH,КРЕМЕНЧУЦЬКА ГІМНАЗІЯ №8 КРЕМЕНЧУЦЬКОЇ МІСЬКОЇ РАДИ КРЕМЕНЧУЦЬКОГО РАЙОНУ ПОЛТАВСЬКОЇ ОБЛАСТІ,24827827,Полтавська область
97b2399a95874ba6aeaf2b58c29e4ad6,UA-2026-08-21-011932-a,2026-08-21T16:36:53.747156+03:00,2026-08-21T16:37:34.337422+03:00,complete,goods,15820000-2,Сухарі та печиво; пресерви з хлібобулочних і кондитерських виробів,756.0,UAH,"КОМУНАЛЬНИЙ ЗАКЛАД ""СОСНИЦЬКИЙ НАВЧАЛЬНО-РЕАБІЛІТАЦІЙНИЙ ЦЕНТР"" ЧЕРНІГІВСЬКОЇ ОБЛАСНОЇ РАДИ",05266524,Чернігівська область
c775afa6c6064fb295a1876196042192,UA-2026-08-21-011918-a,2026-08-21T16:35:49.495179+03:00,2026-08-21T16:36:37.566243+03:00,complete,goods,15851100-9,Макаронні вироби сирі,1280.0,UAH,ЦЕНТР СОЦІАЛЬНИХ ПОСЛУГ ТЕРЕБОВЛЯНСЬКОЇ МІСЬКОЇ РАДИ,40201464,Тернопільська область
eed8d8e8b8c34839bf1ab8e460044117,UA-2026-08-21-011875-a,2026-08-21T16:32:10.979190+03:00,2026-08-21T16:36:14.996460+03:00,active.tendering,goods,15410000-5,Сирі олії та тваринні і рослинні жири,2550.0,UAH,КЗ «ЗОЛ «Захисник» ЗОР,25821241,Запорізька область
7977145f870c48fdb39b8335a5b09dd4,UA-2026-08-21-011915-a,2026-08-21T16:35:17.069457+03:00,2026-08-21T16:36:11.685137+03:00,complete,goods,15841000-5,Какао,483.0,UAH,"ВІДДІЛ ОСВІТИ, КУЛЬТУРИ, МОЛОДІ ТА СПОРТУ ГУРІВСЬКОЇ СІЛЬСЬКОЇ РАДИ КІРОВОГРАДСЬКОЇ ОБЛАСТІ",44074511,Кіровоградська область
75eeefbf55de4aa3a348d3f43abf2063,UA-2026-08-21-011913-a,2026-08-21T16:35:11.762711+03:00,2026-08-21T16:36:08.647877+03:00,active.tendering,goods,15220000-6,"Риба, рибне філе та інше м’ясо риби морожені",209375.0,UAH,"ВІДДІЛ ОСВІТИ, МОЛОДІ, СПОРТУ, КУЛЬТУРИ І ТУРИЗМУ ГОРІНЧІВСЬКОЇ СІЛЬСЬКОЇ РАДИ",44248600,Закарпатська область
9021ff94f6d840d4974e2b56508cb6cd,UA-2026-08-21-011917-a,2026-08-21T16:35:38.786891+03:00,2026-08-21T16:36:04.329903+03:00,active.tendering,goods,15830000-5,Цукор і супутня продукція,26941.67,UAH,ВІДДІЛ ОРГАНІЗАЦІЇ ДІЯЛЬНОСТІ ЗАКЛАДІВ ОСВІТИ РАДЕХІВСЬКОЇ МІСЬКОЇ РАДИ,43081140,Львівська область
c86eb60eaa9540d084a48217a2561a2a,UA-2026-08-21-011886-a,2026-08-21T16:32:46.837251+03:00,2026-08-21T16:34:53.656521+03:00,active.tendering,goods,15330000-0,Оброблені фрукти та овочі,334541.66,UAH,"ВІДДІЛ ОСВІТИ, КУЛЬТУРИ, МОЛОДІ ТА СПОРТУ ВИКОНАВЧОГО КОМІТЕТУ ГРАДИЗЬКОЇ СЕЛИЩНОЇ РАДИ КРЕМЕНЧУЦЬКОГО РАЙОНУ ПОЛТАВСЬКОЇ ОБЛАСТІ",43922872,Полтавська область
5c0a9112e9354acd9ff14d7fe6bfb34d,UA-2026-08-18-011812-a,2026-08-18T16:35:30.080639+03:00,2026-08-21T16:34:00.211387+03:00,active.qualification,goods,15530000-2,Вершкове масло,171000.0,UAH,Відділ освіти Чорнобаївської селищної ради,43922249,Черкаська область
060d6f0b24cf4ae18a8bec14f4ce0f15,UA-2026-08-18-005780-a,2026-08-18T12:49:07.959025+03:00,2026-08-21T16:33:59.574334+03:00,active.awarded,goods,15610000-7,Продукція борошномельно-круп'яної промисловості,39725.74,UAH,"КОМУНАЛЬНИЙ ЗАКЛАД ОСВІТИ ""КОТОВСЬКА СПЕЦІАЛЬНА ШКОЛА"" ДНІПРОПЕТРОВСЬКОЇ ОБЛАСНОЇ РАДИ""",23078513,Дніпропетровська область
7ab758fe35cb405b8574e4b1750d3763,UA-2026-08-21-011878-a,2026-08-21T16:32:14.321902+03:00,2026-08-21T16:33:55.307206+03:00,complete,goods,15610000-7,Продукція борошномельно-круп'яної промисловості,33810.0,UAH,"КОМУНАЛЬНЕ ПІДПРИЄМСТВО ОБОЛОНСЬКОГО РАЙОНУ М.КИЄВА ""ДИТЯЧИЙ КІНОТЕАТР ""КАДР""",32706231,м. Київ
7957032b27054028aa94b3b435efb21c,UA-2026-08-21-011893-a,2026-08-21T16:33:07.155065+03:00,2026-08-21T16:33:42.393178+03:00,complete,goods,15420000-8,Рафіновані олії та жири,26625.0,UAH,"ОПОРНИЙ ЗАКЛАД ОСВІТИ ""ВОЛОКІВСЬКИЙ ЛІЦЕЙ"" ВОЛОКІВСЬКОЇ СІЛЬСЬКОЇ РАДИ ЧЕРНІВЕЦЬКОГО РАЙОНУ ЧЕРНІВЕЦЬКОЇ ОБЛАСТІ",22831813,Чернівецька область
b1f7c06673dc41cc90b9565cbce5fccd,UA-2026-08-17-008408-a,2026-08-17T14:59:42.072328+03:00,2026-08-21T16:32:06.191351+03:00,complete,goods,15420000-8,Рафіновані олії та жири,132750.0,UAH,ВЕЛИКОДИМЕРСЬКИЙ ЛІЦЕЙ ВЕЛИКОДИМЕРСЬКОЇ СЕЛИЩНОЇ РАДИ БРОВАРСЬКОГО РАЙОНУ КИЇВСЬКОЇ ОБЛАСТІ,22207996,Київська область
fd44fb0227de47cb898806aa4d08bcb4,UA-2026-08-18-004160-a,2026-08-18T11:37:50.368632+03:00,2026-08-21T16:31:23.658480+03:00,active.qualification,goods,15550000-8,Молочні продукти різні,82383.01,UAH,"КОМУНАЛЬНИЙ ЗАКЛАД ОСВІТИ ""КОТОВСЬКА СПЕЦІАЛЬНА ШКОЛА"" ДНІПРОПЕТРОВСЬКОЇ ОБЛАСНОЇ РАДИ""",23078513,Дніпропетровська область
ba896b3566184f3bb28579f889dc06fd,UA-2026-08-20-012016-a,2026-08-20T16:32:16.920394+03:00,2026-08-21T16:30:33.025410+03:00,complete,goods,15840000-8,Какао; шоколад та цукрові кондитерські вироби,2750.0,UAH,СКАЛА-ПОДІЛЬСЬКИЙ ПСИХОНЕВРОЛОГІЧНИЙ БУДИНОК-ІНТЕРНАТ,03189498,Тернопільська область
ab18747035b24191921676200d16611b,UA-2026-08-21-011829-a,2026-08-21T16:29:08.103006+03:00,2026-08-21T16:29:47.897380+03:00,complete,goods,15612100-2,Борошно пшеничне,435.0,UAH,ЦЕНТР СОЦІАЛЬНИХ ПОСЛУГ ТЕРЕБОВЛЯНСЬКОЇ МІСЬКОЇ РАДИ,40201464,Тернопільська область
1beec8aa92b5435fa4889d435f9a24cc,UA-2026-08-21-011816-a,2026-08-21T16:28:00.804703+03:00,2026-08-21T16:29:24.781049+03:00,active.tendering,goods,15550000-8,Молочні продукти різні,123480.0,UAH,ВІЙСЬКОВА ЧАСТИНА 3027 НАЦІОНАЛЬНОЇ ГВАРДІЇ УКРАЇНИ,08803649,
97038fc54ac6400fa93f7fecef318c82,UA-2026-08-21-008509-a,2026-08-21T14:23:48.048989+03:00,2026-08-21T16:29:05.588210+03:00,cancelled,goods,15510000-6,Молоко та вершки,20750.0,UAH,"ОПОРНИЙ ЗАКЛАД ОСВІТИ ""МИРГОРОДСЬКИЙ ЛІЦЕЙ ІМЕНІ ІВАНА АНДРІЙОВИЧА ЗУБКОВСЬКОГО МИРГОРОДСЬКОЇ МІСЬКОЇ РАДИ ПОЛТАВСЬКОЇ ОБЛАСТІ""",22548709,Полтавська область
e5026c91fe8945b28cc6160179d0d445,UA-2026-08-21-011809-a,2026-08-21T16:27:20.634023+03:00,2026-08-21T16:28:45.593475+03:00,active.tendering,goods,15110000-2,М'ясо,420000.0,UAH,"КОМУНАЛЬНЕ НЕКОМЕРЦІЙНЕ ПІДПРИЄМСТВО “КЛІНІЧНИЙ ЦЕНТР ОНКОЛОГІЇ, ГЕМАТОЛОГІЇ, ТРАНСПЛАНТОЛОГІЇ ТА ПАЛІАТИВНОЇ ДОПОМОГИ ЧЕРКАСЬКОЇ ОБЛАСНОЇ РАДИ”",02005639,Черкаська область
2a09711cc6a943bcbc6397c0d9fdaa9c,UA-2026-08-21-011770-a,2026-08-21T16:24:46.771639+03:00,2026-08-21T16:27:14.493775+03:00,active.tendering,goods,15530000-2,Вершкове масло,56950.0,UAH,Білоцерківська гімназія-початкова школа  №7 імені генерал-полковника Геннадія Воробйова,22204186,Київська область
6a8f37b3b83b47df8d74f51b8b6aa7df,UA-2026-08-21-011778-a,2026-08-21T16:25:21.854800+03:00,2026-08-21T16:26:31.641022+03:00,complete,goods,15610000-7,Продукція борошномельно-круп'яної промисловості,65460.0,UAH,"ОПОРНИЙ ЗАКЛАД ОСВІТИ ""ВОЛОКІВСЬКИЙ ЛІЦЕЙ"" ВОЛОКІВСЬКОЇ СІЛЬСЬКОЇ РАДИ ЧЕРНІВЕЦЬКОГО РАЙОНУ ЧЕРНІВЕЦЬКОЇ ОБЛАСТІ",22831813,Чернівецька область
4964987aec5e44a6ab205bb9a58413f8,UA-2026-08-21-011774-a,2026-08-21T16:25:01.901466+03:00,2026-08-21T16:26:27.445563+03:00,complete,goods,15850000-1,Макаронні вироби,237.5,UAH,"ВІДДІЛ ОСВІТИ, КУЛЬТУРИ, МОЛОДІ ТА СПОРТУ ГУРІВСЬКОЇ СІЛЬСЬКОЇ РАДИ КІРОВОГРАДСЬКОЇ ОБЛАСТІ",44074511,Кіровоградська область
eb4049000d584f6d9b79ebfbeb068f10,UA-2026-08-21-011679-a,2026-08-21T16:18:38.404459+03:00,2026-08-21T16:25:55.397379+03:00,active.tendering,goods,15320000-7,Фруктові та овочеві соки,149333.33,UAH,ОСТРИЦЬКА СІЛЬСЬКА РАДА ЧЕРНІВЕЦЬКОГО РАЙОНУ ЧЕРНІВЕЦЬКОЇ ОБЛАСТІ,04418417,Чернівецька область
f050096b5f044295b4971e3cf30196c8,UA-2026-08-21-011722-a,2026-08-21T16:21:26.324912+03:00,2026-08-21T16:25:48.817209+03:00,complete,goods,15860000-4,"Кава, чай та супутня продукція",85.0,UAH,"КОМУНАЛЬНИЙ ЗАКЛАД ""СОСНИЦЬКИЙ НАВЧАЛЬНО-РЕАБІЛІТАЦІЙНИЙ ЦЕНТР"" ЧЕРНІГІВСЬКОЇ ОБЛАСНОЇ РАДИ",05266524,Чернігівська область
80e3cf3026f84996889c21dca5eda90f,UA-2026-08-21-011748-a,2026-08-21T16:22:50.544112+03:00,2026-08-21T16:25:30.133517+03:00,active.tendering,goods,15320000-7,Фруктові та овочеві соки,96434.17,UAH,Комунальний заклад загальної середньої освіти ліцей №3 Жовтоводської міської ради,26240345,Дніпропетровська область
3604612975be41939614101017ee3190,UA-2026-08-21-011715-a,2026-08-21T16:20:57.519605+03:00,2026-08-21T16:24:49.075790+03:00,active.tendering,goods,15110000-2,М’ясо,1033500.0,UAH,"ВІДДІЛ ОСВІТИ, МОЛОДІ, СПОРТУ, КУЛЬТУРИ І ТУРИЗМУ ГОРІНЧІВСЬКОЇ СІЛЬСЬКОЇ РАДИ",44248600,Закарпатська область
d4b1cf21e80d47efa36644231aa9bd4d,UA-2026-08-21-011739-a,2026-08-21T16:22:10.718568+03:00,2026-08-21T16:22:57.548176+03:00,complete,goods,15221000-3,Морожена риба,6810.0,UAH,ЦЕНТР СОЦІАЛЬНИХ ПОСЛУГ ТЕРЕБОВЛЯНСЬКОЇ МІСЬКОЇ РАДИ,40201464,Тернопільська область
54282aaf178d4bdd9c82196813c9ff2b,UA-2026-08-21-011714-a,2026-08-21T16:20:52.941096+03:00,2026-08-21T16:22:11.655018+03:00,active.tendering,goods,15610000-7,Продукція борошномельно-круп'яної промисловості,50500.0,UAH,"Комунальний заклад освіти ""Навчально-реабілітаційний центр ""Зоряний"" Дніпропетровської обласної ради""  ",20307568,Дніпропетровська область
3da73660b3124532b1fc875e10472098,UA-2026-08-21-011584-a,2026-08-21T16:12:55.936468+03:00,2026-08-21T16:20:12.507847+03:00,active.tendering,goods,15220000-6,"Риба, рибне філе та інше м’ясо риби морожені",166666.67,UAH,Тростянецький ліцей  Тростянецької селищної ради Вінницької області,24903149,Вінницька область
cac8f91e48414c62b70457427a56ea9b,UA-2026-08-21-011634-a,2026-08-21T16:16:03.547494+03:00,2026-08-21T16:20:12.295798+03:00,active.tendering,goods,15510000-6,Молоко та вершки,20750.0,UAH,"ОПОРНИЙ ЗАКЛАД ОСВІТИ ""МИРГОРОДСЬКИЙ ЛІЦЕЙ ІМЕНІ ІВАНА АНДРІЙОВИЧА ЗУБКОВСЬКОГО МИРГОРОДСЬКОЇ МІСЬКОЇ РАДИ ПОЛТАВСЬКОЇ ОБЛАСТІ""",22548709,Полтавська область
5f48419ab9764b868a5e9da2dc7bf88e,UA-2026-08-21-011659-a,2026-08-21T16:17:40.903605+03:00,2026-08-21T16:19:48.070632+03:00,active.tendering,goods,15610000-7,Продукція борошномельно-круп'яної промисловості,412580.0,UAH,ВІДДІЛ ОРГАНІЗАЦІЇ ДІЯЛЬНОСТІ ЗАКЛАДІВ ОСВІТИ РАДЕХІВСЬКОЇ МІСЬКОЇ РАДИ,43081140,Львівська область
b2c1650192a44055b98d5495f2e73b83,UA-2026-08-21-011644-a,2026-08-21T16:16:45.169538+03:00,2026-08-21T16:19:06.691103+03:00,active.tendering,goods,15110000-2,М’ясо,176753.33,UAH,КЗ «ЗОЛ «Захисник» ЗОР,25821241,Запорізька область
bec7eaca4ae04677ac9490416e949ebd,UA-2026-08-21-011661-a,2026-08-21T16:17:49.510387+03:00,2026-08-21T16:18:27.249869+03:00,complete,goods,15530000-2,Вершкове масло,41400.0,UAH,"ОПОРНИЙ ЗАКЛАД ОСВІТИ ""ВОЛОКІВСЬКИЙ ЛІЦЕЙ"" ВОЛОКІВСЬКОЇ СІЛЬСЬКОЇ РАДИ ЧЕРНІВЕЦЬКОГО РАЙОНУ ЧЕРНІВЕЦЬКОЇ ОБЛАСТІ",22831813,Чернівецька область
105b583702ee4e0fa9cbb652261c669f,UA-2026-08-21-011654-a,2026-08-21T16:17:30.239401+03:00,2026-08-21T16:18:22.637032+03:00,complete,goods,15420000-8,Рафіновані олії та жири,800.8,UAH,"ВІДДІЛ ОСВІТИ, КУЛЬТУРИ, МОЛОДІ ТА СПОРТУ ГУРІВСЬКОЇ СІЛЬСЬКОЇ РАДИ КІРОВОГРАДСЬКОЇ ОБЛАСТІ",44074511,Кіровоградська область
44f1b65f69084c2c882a352b9f3f4fed,UA-2026-08-19-006528-a,2026-08-19T13:21:59.071069+03:00,2026-08-21T16:18:13.760096+03:00,cancelled,goods,15550000-8,Молочні продукти різні,349320.0,UAH,Степанівська сільська рада Роздільнянського р-ну Одеської обл.,04527193,Одеська область
1ef091cc9d614addb532e7c8e66627ee,UA-2026-08-21-011592-a,2026-08-21T16:13:28.714519+03:00,2026-08-21T16:16:31.419367+03:00,active.tendering,goods,15110000-2,М'ясо,403580.0,UAH,ВІДДІЛ ОСВІТИ РАВА-РУСЬКОЇ МІСЬКОЇ РАДИ ЛЬВІВСЬКОГО РАЙОНУ ЛЬВІВСЬКОЇ ОБЛАСТІ,43920498,Львівська область
b2f9d6d07ae748fb91b209cfab1e7d0b,UA-2026-08-21-011615-a,2026-08-21T16:14:42.538388+03:00,2026-08-21T16:15:58.298316+03:00,active.tendering,goods,15610000-7,Продукція борошномельно-круп'яної промисловості,96800.0,UAH,"Державне некомерційне підприємство ""Трускавецький санаторій ""Батьківщина""",02770239,Львівська область
0048ed09b1cc4d2bae2907259a1ce020,UA-2026-08-21-011561-a,2026-08-21T16:11:36.300104+03:00,2026-08-21T16:12:56.907162+03:00,active.tendering,goods,15530000-2,Вершкове масло,140000.0,UAH,ОСТРИЦЬКА СІЛЬСЬКА РАДА ЧЕРНІВЕЦЬКОГО РАЙОНУ ЧЕРНІВЕЦЬКОЇ ОБЛАСТІ,04418417,Чернівецька область
88ddc684829647279717ee6649c8e255,UA-2026-08-21-011494-a,2026-08-21T16:07:56.607106+03:00,2026-08-21T16:12:56.008255+03:00,active.tendering,goods,15220000-6,"Риба, рибне філе та інше м’ясо риби морожені",74800.0,UAH,Грицівська селищна рада,04402563,Хмельницька область
082c7a4b7df645a1b96d1840cd61dd53,UA-2026-08-21-011560-a,2026-08-21T16:11:32.659108+03:00,2026-08-21T16:12:50.625843+03:00,active.tendering,goods,15110000-2,М’ясо,416666.66,UAH,ХУСТСЬКИЙ БАГАТОПРОФІЛЬНИЙ ЛІЦЕЙ №1 ІМЕНІ ІВАНА МАГУЛИ ХУСТСЬКОЇ МІСЬКОЇ РАДИ,20453382,Закарпатська область
5a492b140a644052b685f0dbda791f3f,UA-2026-08-21-011547-a,2026-08-21T16:10:38.828931+03:00,2026-08-21T16:12:49.722887+03:00,complete,goods,15510000-6,Молоко та вершки,12250.0,UAH,"ОПОРНИЙ ЗАКЛАД ОСВІТИ ""ВОЛОКІВСЬКИЙ ЛІЦЕЙ"" ВОЛОКІВСЬКОЇ СІЛЬСЬКОЇ РАДИ ЧЕРНІВЕЦЬКОГО РАЙОНУ ЧЕРНІВЕЦЬКОЇ ОБЛАСТІ",22831813,Чернівецька область
59fe823c06744f7484b9efcce2e8e2b5,UA-2026-08-21-011495-a,2026-08-21T16:08:00.043342+03:00,2026-08-21T16:12:46.025948+03:00,active.tendering,goods,15530000-2,Вершкове масло,28965.5,UAH,Сарненський ліцей №1 ім. Т.Г.Шевченка Сарненської міської ради Сарненського району Рівненської області,22558783,Рівненська область
72bf72f1c07f4212a164e2cf10a4ca94,UA-2026-08-21-011566-a,2026-08-21T16:11:47.918589+03:00,2026-08-21T16:12:38.102514+03:00,complete,goods,15831000-2,Цукор,448.0,UAH,"ВІДДІЛ ОСВІТИ, КУЛЬТУРИ, МОЛОДІ ТА СПОРТУ ГУРІВСЬКОЇ СІЛЬСЬКОЇ РАДИ КІРОВОГРАДСЬКОЇ ОБЛАСТІ",44074511,Кіровоградська область
73b65684038c4b1ca16721d299664afb,UA-2026-08-21-009357-a,2026-08-21T14:50:57.969316+03:00,2026-08-21T16:12:15.743465+03:00,cancelled,goods,15220000-6,"Риба, рибне філе та інше м’ясо риби морожені",209375.0,UAH,"ВІДДІЛ ОСВІТИ, МОЛОДІ, СПОРТУ, КУЛЬТУРИ І ТУРИЗМУ ГОРІНЧІВСЬКОЇ СІЛЬСЬКОЇ РАДИ",44248600,Закарпатська область
bd9810b2b27a47318f659162b710c752,UA-2026-08-21-011541-a,2026-08-21T16:10:26.011558+03:00,2026-08-21T16:12:09.146272+03:00,complete,goods,15890000-3,Продукти харчування та сушені продукти різні,1297.5,UAH,"КОМУНАЛЬНИЙ ЗАКЛАД ""СОСНИЦЬКИЙ НАВЧАЛЬНО-РЕАБІЛІТАЦІЙНИЙ ЦЕНТР"" ЧЕРНІГІВСЬКОЇ ОБЛАСНОЇ РАДИ",05266524,Чернігівська область
19b83acbfa1041df94faadb9f6462a06,UA-2026-08-21-010113-a,2026-08-21T15:14:33.027073+03:00,2026-08-21T16:10:53.288974+03:00,cancelled,goods,15110000-2,М’ясо,1033500.0,UAH,"ВІДДІЛ ОСВІТИ, МОЛОДІ, СПОРТУ, КУЛЬТУРИ І ТУРИЗМУ ГОРІНЧІВСЬКОЇ СІЛЬСЬКОЇ РАДИ",44248600,Закарпатська область
dca6c20efd484ac78f3c697f9bdfe787,UA-2026-08-21-011528-a,2026-08-21T16:09:50.452030+03:00,2026-08-21T16:10:37.053738+03:00,complete,goods,15613000-8,Продукція із зерна зернових культур,2087.0,UAH,ЦЕНТР СОЦІАЛЬНИХ ПОСЛУГ ТЕРЕБОВЛЯНСЬКОЇ МІСЬКОЇ РАДИ,40201464,Тернопільська область
c4cc33a987694ef7b1dc61f4aa216b87,UA-2026-08-21-011527-a,2026-08-21T16:09:48.413966+03:00,2026-08-21T16:10:10.487192+03:00,complete,goods,15831000-2,Цукор,4282.2,UAH,Карпатський біосферний заповідник,00276104,Закарпатська область
169948e773fd4e26886eebbd598e6850,UA-2026-08-21-011471-a,2026-08-21T16:06:29.560114+03:00,2026-08-21T16:08:51.906884+03:00,active.tendering,goods,15610000-7,Продукція борошномельно-круп'яної промисловості,108287.5,UAH,"КОМУНАЛЬНИЙ ЗАКЛАД ""ПОГРЕБИЩЕНСЬКИЙ ЛІЦЕЙ №1"" ПОГРЕБИЩЕНСЬКОЇ МІСЬКОЇ РАДИ ВІННИЦЬКОГО РАЙОНУ ВІННИЦЬКОЇ ОБЛАСТІ",24895711,Вінницька область
3224728052a5436cb133cf713d8d3ab5,UA-2026-08-21-011319-a,2026-08-21T15:59:43.753046+03:00,2026-08-21T16:08:52.064762+03:00,active.tendering,goods,15220000-6,"Риба, рибне філе та інше м’ясо риби морожені",350000.0,UAH,"КОМУНАЛЬНИЙ ЗАКЛАД ""ПОГРЕБИЩЕНСЬКИЙ ЛІЦЕЙ №1"" ПОГРЕБИЩЕНСЬКОЇ МІСЬКОЇ РАДИ ВІННИЦЬКОГО РАЙОНУ ВІННИЦЬКОЇ ОБЛАСТІ",24895711,Вінницька область
b583971252f04aaebc5a533fd5f4282b,UA-2026-08-21-011409-a,2026-08-21T16:03:59.203706+03:00,2026-08-21T16:08:52.279230+03:00,active.tendering,goods,15530000-2,Вершкове масло,183125.0,UAH,"КОМУНАЛЬНИЙ ЗАКЛАД ""ПОГРЕБИЩЕНСЬКИЙ ЛІЦЕЙ №1"" ПОГРЕБИЩЕНСЬКОЇ МІСЬКОЇ РАДИ ВІННИЦЬКОГО РАЙОНУ ВІННИЦЬКОЇ ОБЛАСТІ",24895711,Вінницька область
31f3559707f54daf8e6fb7523e6b1425,UA-2026-08-21-011295-a,2026-08-21T15:58:44.388656+03:00,2026-08-21T16:08:51.429288+03:00,active.tendering,goods,15110000-2,М’ясо,700000.0,UAH,"КОМУНАЛЬНИЙ ЗАКЛАД ""ПОГРЕБИЩЕНСЬКИЙ ЛІЦЕЙ №1"" ПОГРЕБИЩЕНСЬКОЇ МІСЬКОЇ РАДИ ВІННИЦЬКОГО РАЙОНУ ВІННИЦЬКОЇ ОБЛАСТІ",24895711,Вінницька область
826699e220ca4dd7ac6e0532d568d2ba,UA-2026-08-21-011449-a,2026-08-21T16:05:34.315277+03:00,2026-08-21T16:08:51.248686+03:00,active.tendering,goods,15550000-8,Молочні продукти різні,75537.5,UAH,"КОМУНАЛЬНИЙ ЗАКЛАД ""ПОГРЕБИЩЕНСЬКИЙ ЛІЦЕЙ №1"" ПОГРЕБИЩЕНСЬКОЇ МІСЬКОЇ РАДИ ВІННИЦЬКОГО РАЙОНУ ВІННИЦЬКОЇ ОБЛАСТІ",24895711,Вінницька область
821d1d77a30f4bb28e130f87e7b8ddf6,UA-2026-08-21-011431-a,2026-08-21T16:04:53.218160+03:00,2026-08-21T16:08:51.159854+03:00,active.tendering,goods,15540000-5,Сирні продукти,236095.5,UAH,"КОМУНАЛЬНИЙ ЗАКЛАД ""ПОГРЕБИЩЕНСЬКИЙ ЛІЦЕЙ №1"" ПОГРЕБИЩЕНСЬКОЇ МІСЬКОЇ РАДИ ВІННИЦЬКОГО РАЙОНУ ВІННИЦЬКОЇ ОБЛАСТІ",24895711,Вінницька область
a5993bcc2c0146e5990e72c308670954,UA-2026-08-21-011370-a,2026-08-21T16:01:52.972737+03:00,2026-08-21T16:08:50.470776+03:00,active.tendering,goods,15330000-0,Оброблені фрукти та овочі,68500.0,UAH,"КОМУНАЛЬНИЙ ЗАКЛАД ""ПОГРЕБИЩЕНСЬКИЙ ЛІЦЕЙ №1"" ПОГРЕБИЩЕНСЬКОЇ МІСЬКОЇ РАДИ ВІННИЦЬКОГО РАЙОНУ ВІННИЦЬКОЇ ОБЛАСТІ",24895711,Вінницька область
fb482c8379b346378df458380e89ad72,UA-2026-08-21-011394-a,2026-08-21T16:03:11.877821+03:00,2026-08-21T16:08:50.571527+03:00,active.tendering,goods,15510000-6,Молоко та вершки,132678.0,UAH,"КОМУНАЛЬНИЙ ЗАКЛАД ""ПОГРЕБИЩЕНСЬКИЙ ЛІЦЕЙ №1"" ПОГРЕБИЩЕНСЬКОЇ МІСЬКОЇ РАДИ ВІННИЦЬКОГО РАЙОНУ ВІННИЦЬКОЇ ОБЛАСТІ",24895711,Вінницька область
79e5d4a374ba431985310c521d4e7c8d,UA-2026-08-21-011351-a,2026-08-21T16:00:53.215895+03:00,2026-08-21T16:08:50.552634+03:00,active.tendering,goods,15320000-7,Фруктові та овочеві соки,165000.0,UAH,"КОМУНАЛЬНИЙ ЗАКЛАД ""ПОГРЕБИЩЕНСЬКИЙ ЛІЦЕЙ №1"" ПОГРЕБИЩЕНСЬКОЇ МІСЬКОЇ РАДИ ВІННИЦЬКОГО РАЙОНУ ВІННИЦЬКОЇ ОБЛАСТІ",24895711,Вінницька область
5836a438599541c9a8c3e4abeeef5285,UA-2026-08-21-011211-a,2026-08-21T15:55:04.126950+03:00,2026-08-21T16:08:00.952578+03:00,complete,goods,15330000-0,Оброблені фрукти та овочі,3649.5,UAH,Новоселівський заклад дошкільної освіти  (ясла-садок) Саратської селищної ради Білгород-Дністровського району Одеської області,35623111,Одеська область
4412060a7df24702afe18a723eaf2fec,UA-2026-08-21-011392-a,2026-08-21T16:03:06.152951+03:00,2026-08-21T16:07:53.988699+03:00,complete,goods,15330000-0,Оброблені фрукти та овочі,1272.0,UAH,"КРЕМЕНЕЦЬКИЙ  ЗАКЛАД  ДОШКІЛЬНОЇ ОСВІТИ №2 ""ЗОЛОТИЙ КЛЮЧИК"" КОМБІНОВАНОГО ТИПУ ІЗ ГРУПАМИ ЗАГАЛЬНОГО РОЗВИТКУ І З ВАДАМИ ЗОРУ",23590955,Тернопільська область
a20a140887404386b8fde45f334668b9,UA-2026-08-21-011199-a,2026-08-21T15:54:37.662413+03:00,2026-08-21T16:07:53.415507+03:00,complete,goods,15220000-6,"Риба, рибне філе та інше м’ясо риби морожені",2925.0,UAH,"КРЕМЕНЕЦЬКИЙ  ЗАКЛАД  ДОШКІЛЬНОЇ ОСВІТИ №2 ""ЗОЛОТИЙ КЛЮЧИК"" КОМБІНОВАНОГО ТИПУ ІЗ ГРУПАМИ ЗАГАЛЬНОГО РОЗВИТКУ І З ВАДАМИ ЗОРУ",23590955,Тернопільська область
23f8b436002c47ee8be3a37de5dd2a1e,UA-2026-08-21-011292-a,2026-08-21T15:58:24.545255+03:00,2026-08-21T16:07:53.172922+03:00,complete,goods,15610000-7,Продукція борошномельно-круп'яної промисловості,1778.0,UAH,"КРЕМЕНЕЦЬКИЙ  ЗАКЛАД  ДОШКІЛЬНОЇ ОСВІТИ №2 ""ЗОЛОТИЙ КЛЮЧИК"" КОМБІНОВАНОГО ТИПУ ІЗ ГРУПАМИ ЗАГАЛЬНОГО РОЗВИТКУ І З ВАДАМИ ЗОРУ",23590955,Тернопільська область
8a2e919ca5ba48f49d3b160abc6121a9,UA-2026-08-21-011490-a,2026-08-21T16:07:24.005541+03:00,2026-08-21T16:07:39.019811+03:00,active.tendering,goods,15130000-8,М’ясопродукти,1674000.0,UAH,Військова частина А1225,22992781,
017f8b77538a4a84b147fd5c637deb14,UA-2026-08-21-011442-a,2026-08-21T16:05:12.447681+03:00,2026-08-21T16:06:45.971946+03:00,complete,goods,15610000-7,Продукція борошномельно-круп'яної промисловості,62201.0,UAH,Відділ освіти Козлівської селищної ради ,41080689,Тернопільська область
d1fd6313cff94bb084b35bbeb2dde765,UA-2026-08-18-011714-a,2026-08-18T16:31:04.898348+03:00,2026-08-21T16:06:37.217773+03:00,active.awarded,goods,15620000-0,Крохмалі та крохмалепродукти,3500.0,UAH,Середнянська селищна рада Ужгородського району Закарпатської області,04349923,Закарпатська область
22976a920cd4481f8fee491582d2f93d,UA-2026-08-21-011396-a,2026-08-21T16:03:31.326832+03:00,2026-08-21T16:06:17.296846+03:00,complete,goods,15550000-8,Молочні продукти різні,22680.0,UAH,"ОПОРНИЙ ЗАКЛАД ОСВІТИ ""ВОЛОКІВСЬКИЙ ЛІЦЕЙ"" ВОЛОКІВСЬКОЇ СІЛЬСЬКОЇ РАДИ ЧЕРНІВЕЦЬКОГО РАЙОНУ ЧЕРНІВЕЦЬКОЇ ОБЛАСТІ",22831813,Чернівецька область
a986c92672a34a739a42277be9e4008f,UA-2026-08-18-007234-a,2026-08-18T14:02:01.862402+03:00,2026-08-21T16:05:28.002695+03:00,active.awarded,goods,15110000-2,М’ясо,102760.0,UAH,КЗ Чортківський ліцей №5 Чортківської міської ради Тернопільської області,24618963,Тернопільська область
8fca92d8734d49d4aa06a94b341fc35e,UA-2026-08-21-011374-a,2026-08-21T16:02:08.668857+03:00,2026-08-21T16:05:04.064822+03:00,active.tendering,goods,15540000-5,Сирні продукти,35750.0,UAH,"Обласний комунальний навчальний заклад ""Буковинський ліцей-інтернат з посиленою військово-фізичною підготовкою""",32750757,Чернівецька область
4a48b08b2cb84c728c6049c37b721fae,UA-2026-08-21-011379-a,2026-08-21T16:02:29.730605+03:00,2026-08-21T16:04:42.163957+03:00,complete,goods,15870000-7,Заправки та приправи,160.0,UAH,"КОМУНАЛЬНЕ НЕКОМЕРЦІЙНЕ ПІДПРИЄМСТВО ""ДЯДЬКОВИЦЬКА ЛІКАРНЯ З ЦЕНТРОМ ПАЛІАТИВНОЇ ДОПОМОГИ"" ДЯДЬКОВИЦЬКОЇ СІЛЬСЬКОЇ РАДИ",02000145,Рівненська область
9ad0290cec6440c49e8348fa85835b85,UA-2026-08-21-011402-a,2026-08-21T16:03:44.236232+03:00,2026-08-21T16:04:42.171315+03:00,complete,goods,15420000-8,Рафіновані олії та жири,2853.84,UAH,"КОМУНАЛЬНЕ НЕКОМЕРЦІЙНЕ ПІДПРИЄМСТВО ""ДЯДЬКОВИЦЬКА ЛІКАРНЯ З ЦЕНТРОМ ПАЛІАТИВНОЇ ДОПОМОГИ"" ДЯДЬКОВИЦЬКОЇ СІЛЬСЬКОЇ РАДИ",02000145,Рівненська область
2c1156df8bb54b7f8bb7a512c38137ee,UA-2026-08-21-011206-a,2026-08-21T15:54:50.596578+03:00,2026-08-21T16:04:41.919523+03:00,complete,goods,15130000-8,М’ясопродукти,2848.0,UAH,"КОМУНАЛЬНЕ НЕКОМЕРЦІЙНЕ ПІДПРИЄМСТВО ""ДЯДЬКОВИЦЬКА ЛІКАРНЯ З ЦЕНТРОМ ПАЛІАТИВНОЇ ДОПОМОГИ"" ДЯДЬКОВИЦЬКОЇ СІЛЬСЬКОЇ РАДИ",02000145,Рівненська область
c768a2e768624d2b9c4cfbe5bcdcb569,UA-2026-08-21-011183-a,2026-08-21T15:53:54.144318+03:00,2026-08-21T16:04:41.876548+03:00,complete,goods,15620000-0,Крохмалі та крохмалепродукти,263.0,UAH,"КОМУНАЛЬНЕ НЕКОМЕРЦІЙНЕ ПІДПРИЄМСТВО ""ДЯДЬКОВИЦЬКА ЛІКАРНЯ З ЦЕНТРОМ ПАЛІАТИВНОЇ ДОПОМОГИ"" ДЯДЬКОВИЦЬКОЇ СІЛЬСЬКОЇ РАДИ",02000145,Рівненська область
ba60d3cdb65647b2bd121f0b06a341c7,UA-2026-08-21-011368-a,2026-08-21T16:01:39.061709+03:00,2026-08-21T16:04:41.681836+03:00,complete,goods,15830000-5,Цукор і супутня продукція,1455.0,UAH,"КОМУНАЛЬНЕ НЕКОМЕРЦІЙНЕ ПІДПРИЄМСТВО ""ДЯДЬКОВИЦЬКА ЛІКАРНЯ З ЦЕНТРОМ ПАЛІАТИВНОЇ ДОПОМОГИ"" ДЯДЬКОВИЦЬКОЇ СІЛЬСЬКОЇ РАДИ",02000145,Рівненська область
6306acf4ef094ca5a00eb8ac868c68bf,UA-2026-08-21-011239-a,2026-08-21T15:56:18.521812+03:00,2026-08-21T16:04:41.430588+03:00,complete,goods,15610000-7,Продукція борошномельно-круп'яної промисловості,1423.0,UAH,"КОМУНАЛЬНЕ НЕКОМЕРЦІЙНЕ ПІДПРИЄМСТВО ""ДЯДЬКОВИЦЬКА ЛІКАРНЯ З ЦЕНТРОМ ПАЛІАТИВНОЇ ДОПОМОГИ"" ДЯДЬКОВИЦЬКОЇ СІЛЬСЬКОЇ РАДИ",02000145,Рівненська область
cf913e7c56b241a69323e62ec89d7cc0,UA-2026-08-21-011298-a,2026-08-21T15:58:49.528161+03:00,2026-08-21T16:04:41.373886+03:00,complete,goods,15330000-0,Оброблені фрукти та овочі,685.17,UAH,"КОМУНАЛЬНЕ НЕКОМЕРЦІЙНЕ ПІДПРИЄМСТВО ""ДЯДЬКОВИЦЬКА ЛІКАРНЯ З ЦЕНТРОМ ПАЛІАТИВНОЇ ДОПОМОГИ"" ДЯДЬКОВИЦЬКОЇ СІЛЬСЬКОЇ РАДИ",02000145,Рівненська область
0e16893cda1a4f1891e300553025e8c5,UA-2026-08-21-011270-a,2026-08-21T15:57:20.691955+03:00,2026-08-21T16:04:41.052575+03:00,complete,goods,15860000-4,"Кава, чай та супутня продукція",1950.0,UAH,"КОМУНАЛЬНЕ НЕКОМЕРЦІЙНЕ ПІДПРИЄМСТВО ""ДЯДЬКОВИЦЬКА ЛІКАРНЯ З ЦЕНТРОМ ПАЛІАТИВНОЇ ДОПОМОГИ"" ДЯДЬКОВИЦЬКОЇ СІЛЬСЬКОЇ РАДИ",02000145,Рівненська область
04e99d1c3de34b34915c3a44f350f562,UA-2026-08-21-010439-a,2026-08-21T15:25:21.317870+03:00,2026-08-21T16:03:32.129384+03:00,complete,goods,15131700-2,М’ясні вироби,4487.5,UAH,Чорноморський національний університет  імені Петра Могили,23623471,Миколаївська область
04dd16e6cd084c2d8d79967a0cf674ad,UA-2026-08-21-011302-a,2026-08-21T15:59:00.485907+03:00,2026-08-21T16:03:20.535203+03:00,active.tendering,goods,15610000-7,Продукція борошномельно-круп'яної промисловості,95632.5,UAH,Відділ освіти Решетилівської міської ради,44147212,Полтавська область
59c46dfbf4934bc7a6fa80b757bcabb6,UA-2026-08-18-011300-a,2026-08-18T16:15:10.295500+03:00,2026-08-21T16:03:13.623193+03:00,active.awarded,goods,15610000-7,Продукція борошномельно-круп'яної промисловості,94750.0,UAH,Середнянська селищна рада Ужгородського району Закарпатської області,04349923,Закарпатська область
59182aafb61a460485166a93003db20e,UA-2026-08-21-011347-a,2026-08-21T16:00:34.348454+03:00,2026-08-21T16:01:20.264257+03:00,complete,goods,15811100-7,Хліб,1113.63,UAH,"ВІДДІЛ ОСВІТИ, КУЛЬТУРИ, МОЛОДІ ТА СПОРТУ ГУРІВСЬКОЇ СІЛЬСЬКОЇ РАДИ КІРОВОГРАДСЬКОЇ ОБЛАСТІ",44074511,Кіровоградська область
7ae19b26dce74e2ba025dac96c7c7ff8,UA-2026-08-21-011354-a,2026-08-21T16:00:59.943714+03:00,2026-08-21T16:01:11.140323+03:00,complete,goods,15540000-5,Сирні продукти,92232.0,UAH,Військова частина 1489,14321624,Одеська область
d6ce190d4a724ccb9b3bf372b6ab51d9,UA-2026-08-17-004635-a,2026-08-17T12:10:34.650948+03:00,2026-08-21T16:01:09.926036+03:00,complete,goods,15610000-7,Продукція борошномельно-круп'яної промисловості,406911.7,UAH,ВЕЛИКОДИМЕРСЬКИЙ ЛІЦЕЙ ВЕЛИКОДИМЕРСЬКОЇ СЕЛИЩНОЇ РАДИ БРОВАРСЬКОГО РАЙОНУ КИЇВСЬКОЇ ОБЛАСТІ,22207996,Київська область
8018d50db02e47d58e637bede94b6e30,UA-2026-08-21-011346-a,2026-08-21T16:00:32.593151+03:00,2026-08-21T16:00:59.132073+03:00,complete,goods,15890000-3,Продукти харчування та сушені продукти різні,68886.0,UAH,Івано-Франківський національний технічний університет нафти і газу,02070855,Івано-Франківська область
549ceca18f2a401888f452802bd7a811,UA-2026-08-21-011318-a,2026-08-21T15:59:43.755836+03:00,2026-08-21T16:00:56.742558+03:00,complete,goods,15841000-5,Какао,1680.0,UAH,Комунальна установа ''Центр надання соціальних послуг Городоцької міської ради'',26495341,Хмельницька область
5442c7803bad41c19552529d73d289b8,UA-2026-08-21-011343-a,2026-08-21T16:00:27.734032+03:00,2026-08-21T16:00:55.047458+03:00,complete,goods,15870000-7,Заправки та приправи,9496.0,UAH,"КОМУНАЛЬНИЙ ЗАКЛАД ""СОСНИЦЬКИЙ НАВЧАЛЬНО-РЕАБІЛІТАЦІЙНИЙ ЦЕНТР"" ЧЕРНІГІВСЬКОЇ ОБЛАСНОЇ РАДИ",05266524,Чернігівська область
ed8f3cedc03c4e4ab7f591d987fa0535,UA-2026-08-21-011300-a,2026-08-21T15:58:53.588472+03:00,2026-08-21T16:00:26.372374+03:00,active.tendering,goods,15110000-2,М’ясо,292792.79,UAH,"ОПОРНИЙ ЗАКЛАД ""РЕШЕТИЛІВСЬКИЙ ЛІЦЕЙ ІМЕНІ І.Л. ОЛІЙНИКА РЕШЕТИЛІВСЬКОЇ МІСЬКОЇ РАДИ""",21065914,Полтавська область
8f4ce13268d5442b986ca4a4e0fda4f6,UA-2026-08-21-009939-a,2026-08-21T15:09:20.075060+03:00,2026-08-21T16:00:23.565229+03:00,cancelled,goods,15110000-2,М’ясо,416666.66,UAH,ХУСТСЬКИЙ БАГАТОПРОФІЛЬНИЙ ЛІЦЕЙ №1 ІМЕНІ ІВАНА МАГУЛИ ХУСТСЬКОЇ МІСЬКОЇ РАДИ,20453382,Закарпатська область
80da060d0eb54c9da26325800ddf61ac,UA-2026-08-21-011265-a,2026-08-21T15:57:10.559013+03:00,2026-08-21T16:00:16.899409+03:00,active.tendering,goods,15420000-8,Рафіновані олії та жири,118750.0,UAH,ОСТРИЦЬКА СІЛЬСЬКА РАДА ЧЕРНІВЕЦЬКОГО РАЙОНУ ЧЕРНІВЕЦЬКОЇ ОБЛАСТІ,04418417,Чернівецька область
b3dc4accf86a4b729e1c84d526ae8aa5,UA-2026-08-17-005602-a,2026-08-17T13:03:08.123176+03:00,2026-08-21T15:57:47.736123+03:00,active.awarded,goods,15530000-2,Вершкове масло,378135.0,UAH,"КОМУНАЛЬНЕ НЕКОМЕРЦІЙНЕ ПІДПРИЄМСТВО ""ВІННИЦЬКА ОБЛАСНА КЛІНІЧНА ЛІКАРНЯ ІМ. М.І. ПИРОГОВА ВІННИЦЬКОЇ ОБЛАСНОЇ РАДИ""",02011031,Вінницька область
580d54b48b57420ea2ffea573d75a59a,UA-2026-08-21-011216-a,2026-08-21T15:55:12.566288+03:00,2026-08-21T15:56:38.486673+03:00,active.tendering,goods,15550000-8,Молочні продукти різні,54350.0,UAH,"Комунальний заклад ""Гімназія №9"" Кам'янської міської ради",23642273,Дніпропетровська область
8fd9a5b5e0524aadb631452a8b2e4226,UA-2026-08-21-011116-a,2026-08-21T15:51:35.006943+03:00,2026-08-21T15:56:22.805740+03:00,complete,goods,15830000-5,Цукор і супутня продукція,9300.0,UAH,"ОПОРНИЙ ЗАКЛАД ОСВІТИ ""ВОЛОКІВСЬКИЙ ЛІЦЕЙ"" ВОЛОКІВСЬКОЇ СІЛЬСЬКОЇ РАДИ ЧЕРНІВЕЦЬКОГО РАЙОНУ ЧЕРНІВЕЦЬКОЇ ОБЛАСТІ",22831813,Чернівецька область
09d542158b374204bbd43ceadaa84c97,UA-2026-08-21-011156-a,2026-08-21T15:53:07.435259+03:00,2026-08-21T15:56:19.246675+03:00,complete,goods,15980000-1,Безалкогольні напої,25431.0,UAH,Національне агентство України з питань державної служби,37819430,м. Київ
3399fcce56fc4672ba324ae0aeca6c78,UA-2026-08-21-011171-a,2026-08-21T15:53:26.070695+03:00,2026-08-21T15:56:18.987243+03:00,active.tendering,goods,15610000-7,Продукція борошномельно-круп'яної промисловості,59992.08,UAH,Вознесенська гімназія  №6 Вознесенської міської ради Миколаївської області,20907794,Миколаївська область
6f652828d7fd4af3ae0c67920e557d6d,UA-2026-08-21-011185-a,2026-08-21T15:54:00.889460+03:00,2026-08-21T15:56:02.205506+03:00,active.tendering,goods,15110000-2,М'ясо,786800.0,UAH,Центральноукраїнський науковий ліцей Кіровоградської обласної ради,13763076,Кіровоградська область
49075a2f76a94ee898d38523703d2419,UA-2026-08-21-010986-a,2026-08-21T15:46:05.988762+03:00,2026-08-21T15:55:26.405862+03:00,active.tendering,goods,15330000-0,Оброблені фрукти та овочі,16400.0,UAH,КЗ «ЗОЛ «Захисник» ЗОР,25821241,Запорізька область
0c41a1179fa3494e9f93127ca63c7950,UA-2026-08-18-007831-a,2026-08-18T14:24:30.860986+03:00,2026-08-21T15:55:25.669822+03:00,active.awarded,goods,15220000-6,"Риба, рибне філе та інше м’ясо риби морожені",394166.66,UAH,КОМУНАЛЬНИЙ ЗАКЛАД ЛЬВІВСЬКОЇ ОБЛАСНОЇ РАДИ «СОКАЛЬСЬКИЙ АКАДЕМІЧНИЙ ЛІЦЕЙ імені Т. ШЕВЧЕНКА»,04545340,Львівська область
e1111d77361b4020a909dd4080a3d7fe,UA-2026-08-21-010985-a,2026-08-21T15:46:04.285157+03:00,2026-08-21T15:55:24.943957+03:00,active.tendering,goods,15110000-2,М’ясо,735900.0,UAH,"Опорний заклад Теплицької селищної ради ""Теплицька загальноосвітня школа І-ІІІ ступенів №2""",26234853,Вінницька область
c758681950ff48e58b81e22adacd82d1,UA-2026-08-21-011157-a,2026-08-21T15:53:07.731693+03:00,2026-08-21T15:54:41.257768+03:00,active.tendering,goods,15530000-2,Вершкове масло,58500.0,UAH,ВІДДІЛ ОСВІТИ СОЛОНЯНСЬКОЇ СЕЛИЩНОЇ РАДИ,41760708,Дніпропетровська область
bc0ea4f251a64b058df3fc0fcd767a2c,UA-2026-08-18-010821-a,2026-08-18T15:57:32.509738+03:00,2026-08-21T15:54:00.242103+03:00,active.qualification,goods,15610000-7,Продукція борошномельно-круп'яної промисловості,41625.0,UAH,"Комунальна установа ""Міський геріатричний будинок милосердя імені Святого Миколая""",26028579,Миколаївська область
3fbaaaa458564f04b99d5c92c7ccbfe9,UA-2026-08-21-011146-a,2026-08-21T15:52:47.867269+03:00,2026-08-21T15:53:56.517996+03:00,complete,goods,15842220-0,Шоколад плитковий,2700.0,UAH,"Відділ культури, туризму, молоді, та спорту Рава-Руської міської ради Львівського району Львівської області",44905575,Львівська область
570f411a92b54543923cdf84284f6fde,UA-2026-08-21-010127-a,2026-08-21T15:14:54.262440+03:00,2026-08-21T15:53:40.353741+03:00,active.tendering,goods,15510000-6,Молоко та вершки,160000.0,UAH,Центральноукраїнський науковий ліцей Кіровоградської обласної ради,13763076,Кіровоградська область
4b3e4a0136af4b37bff1c67743367ed2,UA-2026-08-21-011102-a,2026-08-21T15:51:09.500237+03:00,2026-08-21T15:53:29.387312+03:00,active.tendering,goods,15810000-9,"Хлібопродукти, свіжовипечені хлібобулочні та кондитерські вироби",74100.0,UAH,"ОПОРНИЙ ЗАКЛАД ""РОКИТНІВСЬКИЙ ЛІЦЕЙ №3"" РОКИТНІВСЬКОЇ СЕЛИЩНОЇ РАДИ",25319292,Рівненська область
10c8e80c52d246709b5d5d0dd84c75b6,UA-2026-08-21-011151-a,2026-08-21T15:52:57.641773+03:00,2026-08-21T15:53:29.439816+03:00,active.tendering,goods,15510000-6,Молоко та вершки,69000.0,UAH,"Комунальне некомерційне підприємство Нетішинської міської ради ""Спеціалізована медико-санітарна частина м.Нетішин""",40365451,Хмельницька область
2fa3d6e5bbd04f6182568fc56edc4dc4,UA-2026-08-21-011140-a,2026-08-21T15:52:30.670110+03:00,2026-08-21T15:52:57.735408+03:00,complete,goods,15330000-0,Оброблені фрукти та овочі,140.0,UAH,"КОМУНАЛЬНИЙ ЗАКЛАД ""СОСНИЦЬКИЙ НАВЧАЛЬНО-РЕАБІЛІТАЦІЙНИЙ ЦЕНТР"" ЧЕРНІГІВСЬКОЇ ОБЛАСНОЇ РАДИ",05266524,Чернігівська область
c594ac2249f24eac95957a4ded1b28a3,UA-2026-08-18-008929-a,2026-08-18T14:59:25.099044+03:00,2026-08-21T15:52:52.723354+03:00,active.awarded,goods,15530000-2,Вершкове масло,6250.0,UAH,"Державна установа ""Солонянська виправна колонія (№21)""",08562921,Дніпропетровська область
a365a15519464353adf89e7e8ab7e12a,UA-2026-08-21-010739-a,2026-08-21T15:35:51.024819+03:00,2026-08-21T15:52:49.052943+03:00,active.tendering,goods,15220000-6,"Риба, рибне філе та інше м’ясо риби морожені",24650.0,UAH,Полонський будинок-інтернат для громадян похилого віку та осіб з інвалідністю,21326846,Хмельницька область
7dbce923f6984ddb95ada47a9e332204,UA-2026-08-18-010339-a,2026-08-18T15:42:19.389436+03:00,2026-08-21T15:51:06.366593+03:00,active.awarded,goods,15110000-2,М’ясо,177480.0,UAH,"Відділ освіти, культури, молоді та спорту Трибухівської сільської ради",41513827,Тернопільська область
87737fc152d342a9a0fbc6b02d38f8d8,UA-2026-08-18-007869-a,2026-08-18T14:25:48.333014+03:00,2026-08-21T15:50:08.140923+03:00,active.awarded,goods,15330000-0,Оброблені фрукти та овочі,4250.0,UAH,"Державна установа ""Солонянська виправна колонія (№21)""",08562921,Дніпропетровська область
035a6d62067449298b1f2544d6b05054,UA-2026-08-21-011047-a,2026-08-21T15:48:45.111463+03:00,2026-08-21T15:49:17.486086+03:00,complete,goods,15840000-8,Какао; шоколад та цукрові кондитерські вироби,2975.0,UAH,"КОМУНАЛЬНИЙ ЗАКЛАД ""СОСНИЦЬКИЙ НАВЧАЛЬНО-РЕАБІЛІТАЦІЙНИЙ ЦЕНТР"" ЧЕРНІГІВСЬКОЇ ОБЛАСНОЇ РАДИ",05266524,Чернігівська область
bca149d97c34487d96534303de0d7c9d,UA-2026-08-21-010990-a,2026-08-21T15:46:19.628520+03:00,2026-08-21T15:48:51.278272+03:00,active.tendering,goods,15330000-0,Оброблені фрукти та овочі,36875.0,UAH,"КОМУНАЛЬНЕ НЕКОМЕРЦІЙНЕ ПІДПРИЄМСТВО ""ВІННИЦЬКА ОБЛАСНА ДИТЯЧА КЛІНІЧНА ЛІКАРНЯ ВІННИЦЬКОЇ ОБЛАСНОЇ РАДИ""",03082760,Вінницька область
9d7dbca624b543f6b4bf80c0cf0fc361,UA-2026-08-21-011039-a,2026-08-21T15:48:29.032150+03:00,2026-08-21T15:48:45.542237+03:00,active.enquiries,goods,15320000-7,Фруктові та овочеві соки,820008.0,UAH,"ГОЛОВНИЙ ЦЕНТР КАПІТАЛЬНОГО БУДІВНИЦТВА, РЕКОНСТРУКЦІЇ ТА ЗАКУПІВЕЛЬ ДЕРЖАВНОЇ ПРИКОРДОННОЇ СЛУЖБИ УКРАЇНИ",23311317,
42248fe456004f2d9bd2ce7be4693731,UA-2026-08-21-010720-a,2026-08-21T15:35:12.259352+03:00,2026-08-21T15:48:29.700607+03:00,complete,goods,15610000-7,Продукція борошномельно-круп'яної промисловості,4416.5,UAH,Новоселівський заклад дошкільної освіти  (ясла-садок) Саратської селищної ради Білгород-Дністровського району Одеської області,35623111,Одеська область
52fc334c01274e28809fb38fef652677,UA-2026-08-18-008181-a,2026-08-18T14:35:36.730759+03:00,2026-08-21T15:48:22.044182+03:00,active.awarded,goods,15870000-7,Заправки та приправи,6000.0,UAH,"Державна установа ""Солонянська виправна колонія (№21)""",08562921,Дніпропетровська область
b9969f360696421c84ba25190c3d09a0,UA-2026-08-21-010992-a,2026-08-21T15:46:27.679046+03:00,2026-08-21T15:47:30.819505+03:00,active.tendering,goods,15330000-0,Оброблені фрукти та овочі,165600.0,UAH,"Відділ освіти, культури та туризму Великомостівської міської ради Львівської області",44560356,Львівська область
a7d0fa4caa6447249b056abe0b49d89d,UA-2026-08-21-010996-a,2026-08-21T15:46:42.047378+03:00,2026-08-21T15:47:09.062700+03:00,active.tendering,goods,15330000-0,Оброблені фрукти та овочі,18111.0,UAH,"Комунальне некомерційне підприємство Нетішинської міської ради ""Спеціалізована медико-санітарна частина м.Нетішин""",40365451,Хмельницька область
76acaeda096e4963975907dae0e312b4,UA-2026-08-21-010984-a,2026-08-21T15:46:02.035622+03:00,2026-08-21T15:46:44.875763+03:00,active.tendering,goods,15110000-2,М’ясо,74166.67,UAH,"КОМУНАЛЬНИЙ ЗАКЛАД ""КОЛОМАЦЬКА ЗАГАЛЬНООСВІТНЯ ШКОЛА І-ІІІ СТУПЕНІВ КОЛОМАЦЬКОЇ СІЛЬСЬКОЇ РАДИ ПОЛТАВСЬКОГО РАЙОНУ ПОЛТАВСЬКОЇ ОБЛАСТІ""",23545529,Полтавська область
359539072dcd4ba684e03183ef8aa14d,UA-2026-08-21-010960-a,2026-08-21T15:45:05.316533+03:00,2026-08-21T15:46:14.602442+03:00,complete,goods,15840000-8,Какао; шоколад та цукрові кондитерські вироби,3500.0,UAH,"ОПОРНИЙ ЗАКЛАД ОСВІТИ ""ВОЛОКІВСЬКИЙ ЛІЦЕЙ"" ВОЛОКІВСЬКОЇ СІЛЬСЬКОЇ РАДИ ЧЕРНІВЕЦЬКОГО РАЙОНУ ЧЕРНІВЕЦЬКОЇ ОБЛАСТІ",22831813,Чернівецька область
9170185620784268b13bd7b3f2e55daf,UA-2026-08-21-010964-a,2026-08-21T15:45:10.009360+03:00,2026-08-21T15:46:09.376132+03:00,complete,goods,15840000-8,Какао; шоколад та цукрові кондитерські вироби,65550.0,UAH,"ВІДДІЛ ОСВІТИ, СІМ'Ї, МОЛОДІ, СПОРТУ ТА КУЛЬТУРИ  МІЖГІРСЬКОЇ СЕЛИЩНОЇ РАДИ",44070606,Закарпатська область
590d9e5bec2c4c8194beec35c163e6e8,UA-2026-08-21-010965-a,2026-08-21T15:45:12.631888+03:00,2026-08-21T15:45:44.957744+03:00,complete,goods,15830000-5,Цукор і супутня продукція,1700.0,UAH,"КОМУНАЛЬНИЙ ЗАКЛАД ""СОСНИЦЬКИЙ НАВЧАЛЬНО-РЕАБІЛІТАЦІЙНИЙ ЦЕНТР"" ЧЕРНІГІВСЬКОЇ ОБЛАСНОЇ РАДИ",05266524,Чернігівська область
a590591e8aa048a883e31d11abe98973,UA-2026-08-21-010930-a,2026-08-21T15:43:31.387484+03:00,2026-08-21T15:44:41.042234+03:00,complete,goods,15841000-5,Какао,693.09,UAH,"Відділ освіти, культури, молоді та спорту Іваничівської селищної ради",44167291,Волинська область
523a9ad2a3be43cbbe9c0824b954ea6e,UA-2026-08-18-009770-a,2026-08-18T15:24:59.664094+03:00,2026-08-21T15:44:23.780490+03:00,active.awarded,goods,15110000-2,М’ясо,205000.0,UAH,Відділ освіти Квітневої сільської ради,41456900,Житомирська область
684c5e2d8b9b4bbcbdb6160e2724e7cd,UA-2026-08-21-003681-a,2026-08-21T11:11:00.646219+03:00,2026-08-21T15:43:40.284482+03:00,complete,goods,15830000-5,Цукор і супутня продукція,7200.0,UAH,"Комунальне підприємство ""Горохівська багатопрофільна лікарня Горохівської міської ради""",01982896,Волинська область
0500e4dcce78454daaf78f8478fe5d7c,UA-2026-08-21-010766-a,2026-08-21T15:37:03.168940+03:00,2026-08-21T15:43:36.969989+03:00,active.tendering,goods,15220000-6,"Риба, рибне філе та інше м’ясо риби морожені",379500.0,UAH,"Відділ освіти, сім'ї, молоді та спорту виконавчого комітету Козельщинської селищної ради",42120272,Полтавська область
61d1259beb034477afab0f544f36ec8a,UA-2026-08-21-010709-a,2026-08-21T15:34:57.354040+03:00,2026-08-21T15:43:25.504314+03:00,complete,goods,15898000-9,Дріжджі,157.5,UAH,КЗ ЦЕНТР НАДАННЯ СОЦІАЛЬНИХ ПОСЛУГ ПІДВОЛОЧИСЬКОЇ СЕЛИЩНОЇ РАДИ,40391916,Тернопільська область
9b91a023371e4a97998271d0de893f35,UA-2026-08-21-010898-a,2026-08-21T15:42:30.923030+03:00,2026-08-21T15:43:17.450073+03:00,complete,goods,15820000-2,Сухарі та печиво; пресерви з хлібобулочних і кондитерських виробів,2630.0,UAH,Комунальна установа ''Центр надання соціальних послуг Городоцької міської ради'',26495341,Хмельницька область
7060f3e94c164987bd9f52af99a58624,UA-2026-08-21-010262-a,2026-08-21T15:19:31.160313+03:00,2026-08-21T15:43:15.514286+03:00,active.tendering,goods,15110000-2,М’ясо,416666.67,UAH,Тростянецький ліцей  Тростянецької селищної ради Вінницької області,24903149,Вінницька область
43fa50fb9bc044f7b704987b910a929f,UA-2026-08-18-010293-a,2026-08-18T15:40:57.226885+03:00,2026-08-21T15:42:52.555511+03:00,active.awarded,goods,15220000-6,"Риба, рибне філе та інше м’ясо риби морожені",132800.0,UAH,Відділ освіти Квітневої сільської ради,41456900,Житомирська область
6ded5fea18064f108b184151064c6d84,UA-2026-08-21-010885-a,2026-08-21T15:41:56.559429+03:00,2026-08-21T15:42:31.135946+03:00,complete,goods,15610000-7,Продукція борошномельно-круп'яної промисловості,3375.0,UAH,"КОМУНАЛЬНИЙ ЗАКЛАД ""СОСНИЦЬКИЙ НАВЧАЛЬНО-РЕАБІЛІТАЦІЙНИЙ ЦЕНТР"" ЧЕРНІГІВСЬКОЇ ОБЛАСНОЇ РАДИ",05266524,Чернігівська область
6695ef875f624b17b690417038992a7d,UA-2026-08-21-010868-a,2026-08-21T15:41:14.949429+03:00,2026-08-21T15:42:00.967778+03:00,active.tendering,goods,15330000-0,Оброблені фрукти та овочі,38729.17,UAH,"КОМУНАЛЬНИЙ ЗАКЛАД ""РОЗСОШЕНСЬКА ГІМНАЗІЯ ЩЕРБАНІВСЬКОЇ СІЛЬСЬКОЇ РАДИ ПОЛТАВСЬКОГО РАЙОНУ ПОЛТАВСЬКОЇ ОБЛАСТІ""",21071866,Полтавська область
249dea13692a41f1a8727ee20b92144b,UA-2026-08-21-010862-a,2026-08-21T15:40:57.888560+03:00,2026-08-21T15:41:53.427190+03:00,complete,goods,15331134-5,Оброблені помідори,683.04,UAH,"Відділ освіти, культури, молоді та спорту Іваничівської селищної ради",44167291,Волинська область
b9987bf83a9e4a37ba5f42749f4f4d40,UA-2026-08-21-010837-a,2026-08-21T15:39:56.322447+03:00,2026-08-21T15:41:46.328625+03:00,active.tendering,goods,15220000-6,"Риба, рибне філе та інше м’ясо риби морожені",300500.0,UAH,"КУ ""Горбанівський геріатричний пансіонат ветеранів війни та праці""",13962350,Полтавська область
c939d8e9ca6f4fabbb1c77b8f4b5e5dd,UA-2026-08-21-010810-a,2026-08-21T15:38:36.039960+03:00,2026-08-21T15:39:56.290846+03:00,complete,goods,15850000-1,Макаронні вироби,10920.0,UAH,"ОПОРНИЙ ЗАКЛАД ОСВІТИ ""ВОЛОКІВСЬКИЙ ЛІЦЕЙ"" ВОЛОКІВСЬКОЇ СІЛЬСЬКОЇ РАДИ ЧЕРНІВЕЦЬКОГО РАЙОНУ ЧЕРНІВЕЦЬКОЇ ОБЛАСТІ",22831813,Чернівецька область
7f14fb43cce643a3b32067fde33a9c6e,UA-2026-08-21-010527-a,2026-08-21T15:28:22.960823+03:00,2026-08-21T15:39:53.111859+03:00,complete,goods,15870000-7,Заправки та приправи,439.0,UAH,КЗ ЦЕНТР НАДАННЯ СОЦІАЛЬНИХ ПОСЛУГ ПІДВОЛОЧИСЬКОЇ СЕЛИЩНОЇ РАДИ,40391916,Тернопільська область
3bc2123467e14bca90208b97c7a9abe3,UA-2026-08-21-010811-a,2026-08-21T15:38:37.531655+03:00,2026-08-21T15:39:29.229182+03:00,active.tendering,goods,15550000-8,Молочні продукти різні,30250.0,UAH,Центр надання соціальних послуг Берестечківської міської ради Волинської області,44096741,Волинська область
2036cd2464bd4de4b4a7d6d1f33b1a9a,UA-2026-08-21-010783-a,2026-08-21T15:37:46.466790+03:00,2026-08-21T15:39:10.759543+03:00,complete,goods,15863000-5,Чай,114.97,UAH,"Відділ освіти, культури, молоді та спорту Іваничівської селищної ради",44167291,Волинська область
00a1a7112e6b45c9b083fe908603bf91,UA-2026-08-21-010808-a,2026-08-21T15:38:34.939135+03:00,2026-08-21T15:39:01.872971+03:00,active.tendering,goods,15320000-7,Фруктові та овочеві соки,53055.0,UAH,"ВІДДІЛ ОСВІТИ, КУЛЬТУРИ, МОЛОДІ ТА СПОРТУ КОЗІВСЬКОЇ СЕЛИЩНОЇ РАДИ",44080090,Тернопільська область
b43d8f2d2fec4a9e9c13b3543ce70e43,UA-2026-08-21-010721-a,2026-08-21T15:35:13.127011+03:00,2026-08-21T15:38:50.648802+03:00,complete,goods,15860000-4,"Кава, чай та супутня продукція",2964.5,UAH,"КОМУНАЛЬНА УСТАНОВА ""ЧЕЧЕЛЬНИЦЬКИЙ СЕЛИЩНИЙ ЦЕНТР НАДАННЯ СОЦІАЛЬНИХ ПОСЛУГ"" ЧЕЧЕЛЬНИЦЬКОЇ СЕЛИЩНОЇ РАДИ",44759962,Вінницька область
2a40d0443b8a45dab2fe6d784f98f362,UA-2026-08-21-010760-a,2026-08-21T15:36:49.794367+03:00,2026-08-21T15:38:11.284680+03:00,active.tendering,goods,15510000-6,Молоко та вершки,135850.0,UAH,Комунальний заклад «Ліцей №1» Кам’янської міської ради,23076709,Дніпропетровська область
bb7de69790984688b5d6d836812c0e06,UA-2026-08-21-010764-a,2026-08-21T15:36:58.831011+03:00,2026-08-21T15:37:36.571348+03:00,complete,goods,15610000-7,Продукція борошномельно-круп'яної промисловості,500.0,UAH,"КОМУНАЛЬНИЙ ЗАКЛАД ""СОСНИЦЬКИЙ НАВЧАЛЬНО-РЕАБІЛІТАЦІЙНИЙ ЦЕНТР"" ЧЕРНІГІВСЬКОЇ ОБЛАСНОЇ РАДИ",05266524,Чернігівська область
cbd80b31094e4ba99bc423439ed3b6ce,UA-2026-08-21-010732-a,2026-08-21T15:35:43.748395+03:00,2026-08-21T15:37:27.422053+03:00,active.tendering,goods,15860000-4,"Кава, чай та супутня продукція",5833.0,UAH,8 ТВУЗ Держспецзв'язку,34800029,Одеська область
1066ce94a7524867b18310a4b52a5825,UA-2026-08-21-010745-a,2026-08-21T15:36:04.547005+03:00,2026-08-21T15:37:16.157458+03:00,complete,goods,15820000-2,Сухарі та печиво; пресерви з хлібобулочних і кондитерських виробів,46700.0,UAH,"ВІДДІЛ ОСВІТИ, СІМ'Ї, МОЛОДІ, СПОРТУ ТА КУЛЬТУРИ  МІЖГІРСЬКОЇ СЕЛИЩНОЇ РАДИ",44070606,Закарпатська область
b77f635891a4482298a1b384ed1d0632,UA-2026-08-21-010730-a,2026-08-21T15:35:41.299911+03:00,2026-08-21T15:36:37.359614+03:00,active.tendering,goods,15550000-8,Молочні продукти різні,8600.0,UAH,ВЕЛИКООМЕЛЯНСЬКИЙ ЛІЦЕЙ ВЕЛИКООМЕЛЯНСЬКОЇ СІЛЬСЬКОЇ РАДИ РІВНЕНСЬКОГО РАЙОНУ РІВНЕНСЬКОЇ ОБЛАСТІ,24176229,Рівненська область
dfd9a7a43a9e4265819d22a80197b5bc,UA-2026-08-21-010723-a,2026-08-21T15:35:20.490830+03:00,2026-08-21T15:36:06.050174+03:00,active.tendering,goods,15110000-2,М’ясо,360000.0,UAH,"ВІДДІЛ ОСВІТИ, КУЛЬТУРИ, ТУРИЗМУ, МОЛОДІ ТА СПОРТУ БУКАЧІВСЬКОЇ СЕЛИЩНОЇ РАДИ",44432369,Івано-Франківська область
648464c372b346079cde82c4f67f1eec,UA-2026-08-21-010710-a,2026-08-21T15:35:00.770061+03:00,2026-08-21T15:35:40.184810+03:00,active.tendering,goods,15540000-5,Сирні продукти,112950.0,UAH,Липовецький ліцей №2 Липовецької міської ради Вінницької області,21724110,Вінницька область
cc9530eec9004f43b4399b3dcd04268a,UA-2026-08-21-010699-a,2026-08-21T15:34:25.333599+03:00,2026-08-21T15:35:27.456901+03:00,complete,goods,15240000-2,Рибні консерви та інші рибні страви і пресерви,2750.0,UAH,Комунальна установа ''Центр надання соціальних послуг Городоцької міської ради'',26495341,Хмельницька область
f51297529c3849b68ed8a88a4af04bdf,UA-2026-08-21-010697-a,2026-08-21T15:34:19.724288+03:00,2026-08-21T15:34:59.427762+03:00,complete,goods,15810000-9,"Хлібопродукти, свіжовипечені хлібобулочні та кондитерські вироби",746.4,UAH,Дубенська районна державна адміністрація,04057830,Рівненська область
13ed307d95684582aa525ee0c25f9c71,UA-2026-08-21-010677-a,2026-08-21T15:33:46.873931+03:00,2026-08-21T15:34:51.500581+03:00,active.tendering,goods,15320000-7,Фруктові та овочеві соки,96000.0,UAH,"ОПОРНИЙ ЗАКЛАД ""РОКИТНІВСЬКИЙ ЛІЦЕЙ №3"" РОКИТНІВСЬКОЇ СЕЛИЩНОЇ РАДИ",25319292,Рівненська область
fc0454bbccee456d92541123eec935b3,UA-2026-08-21-010680-a,2026-08-21T15:33:47.969499+03:00,2026-08-21T15:34:47.144095+03:00,complete,goods,15833000-6,Цукрові продукти,77.0,UAH,"Відділ освіти, культури, молоді та спорту Іваничівської селищної ради",44167291,Волинська область
28f50768b2bd4fb2b3fea42393533d3b,UA-2026-08-21-010664-a,2026-08-21T15:33:17.264457+03:00,2026-08-21T15:34:21.639871+03:00,active.tendering,goods,15330000-0,Оброблені фрукти та овочі,127971.67,UAH,ВІДДІЛ ОРГАНІЗАЦІЇ ДІЯЛЬНОСТІ ЗАКЛАДІВ ОСВІТИ РАДЕХІВСЬКОЇ МІСЬКОЇ РАДИ,43081140,Львівська область
3047821e7dcd40d3af2bf0e89687d00a,UA-2026-08-17-009049-a,2026-08-17T15:21:22.614143+03:00,2026-08-21T15:34:09.975483+03:00,active.awarded,goods,15510000-6,Молоко та вершки,1800.0,UAH,"Державна установа ""Вінницька виправна колонія (№86)""",08562594,Вінницька область
4b0dbcca1e114d7eb919c94148cb4006,UA-2026-08-21-010590-a,2026-08-21T15:30:43.268970+03:00,2026-08-21T15:33:17.669480+03:00,active.tendering,goods,15110000-2,М'ясо,148877.6,UAH,Прохідський ліцей Ратнівської селищної ради,21748027,Волинська область
60e199a296524504b26a9d7c06819643,UA-2026-08-21-010621-a,2026-08-21T15:31:46.579205+03:00,2026-08-21T15:33:08.101440+03:00,complete,goods,15550000-8,Молочні продукти різні,9974.28,UAH,"КОМУНАЛЬНИЙ ЗАКЛАД ""ЗАКЛАД ДОШКІЛЬНОЇ ОСВІТИ №77 ВІННИЦЬКОЇ МІСЬКОЇ РАДИ""",26243177,Вінницька область
1a35f175df5740948da53916bd7c1161,UA-2026-08-21-010610-a,2026-08-21T15:31:17.204529+03:00,2026-08-21T15:32:34.109286+03:00,complete,goods,15820000-2,Сухарі та печиво; пресерви з хлібобулочних і кондитерських виробів,24180.0,UAH,"Відділ освіти, культури, молоді та спорту Галицинівської сільської ради",41356652,Миколаївська область
759cfb1335c44a3fbe42230c012b7b2a,UA-2026-08-21-010623-a,2026-08-21T15:31:51.809308+03:00,2026-08-21T15:32:31.105422+03:00,active.tendering,goods,15220000-6,"Риба, рибне філе та інше м’ясо риби морожені",16800.0,UAH,"Комунальне некомерційне підприємство Нетішинської міської ради ""Спеціалізована медико-санітарна частина м.Нетішин""",40365451,Хмельницька область
66acf88cc62e434c9c57dc61d5453ce2,UA-2026-08-21-010302-a,2026-08-21T15:20:36.341542+03:00,2026-08-21T15:32:20.664750+03:00,complete,goods,15860000-4,"Кава, чай та супутня продукція",165.0,UAH,Новоселівський заклад дошкільної освіти  (ясла-садок) Саратської селищної ради Білгород-Дністровського району Одеської області,35623111,Одеська область
e13e394ddfe1438c838ba52ee9041dc7,UA-2026-08-21-010355-a,2026-08-21T15:22:30.111200+03:00,2026-08-21T15:31:23.314029+03:00,complete,goods,15610000-7,Продукція борошномельно-круп'яної промисловості,7591.5,UAH,"КП ""Кролевецька  лікарня"" Кролевецької міської ради",02007549,Сумська область
98e4ab9e351b49288f72b00f805f4e7a,UA-2026-08-19-011574-a,2026-08-19T16:22:39.407705+03:00,2026-08-21T15:31:18.958447+03:00,cancelled,goods,15110000-2,М’ясо,608400.0,UAH,"КОМУНАЛЬНЕ НЕКОМЕРЦІЙНЕ ПІДПРИЄМСТВО ""ХМЕЛЬНИЦЬКИЙ ОБЛАСНИЙ ГОСПІТАЛЬ ВЕТЕРАНІВ ВІЙНИ"" ХМЕЛЬНИЦЬКОЇ ОБЛАСНОЇ РАДИ",21312761,Хмельницька область
3e3093c5bea24b11a43e6e3b21c1aa90,UA-2026-08-21-009826-a,2026-08-21T15:06:08.573627+03:00,2026-08-21T15:30:47.271623+03:00,active.tendering,goods,15610000-7,Продукція борошномельно-круп'яної промисловості,94125.0,UAH,"Комунальне підприємство ""Обласний заклад з надання психіатричної допомоги Полтавської обласної ради""",01999075,Полтавська область
e172b664dcf644f991b03ad17c16f6a7,UA-2026-08-21-010561-a,2026-08-21T15:29:23.072192+03:00,2026-08-21T15:30:39.232446+03:00,complete,goods,15220000-6,"Риба, рибне філе та інше м’ясо риби морожені",5470.5,UAH,"КОМУНАЛЬНЕ НЕКОМЕРЦІЙНЕ ПІДПРИЄМСТВО ""НАРОДИЦЬКА ЛІКАРНЯ"" НАРОДИЦЬКОЇ СЕЛИЩНОЇ РАДИ",42739284,Житомирська область
a0d2b05474254562b18bb6441473453b,UA-2026-08-21-010564-a,2026-08-21T15:29:28.010019+03:00,2026-08-21T15:30:31.448198+03:00,complete,goods,15863000-5,Чай,1890.0,UAH,"ОПОРНИЙ ЗАКЛАД ОСВІТИ ""ВОЛОКІВСЬКИЙ ЛІЦЕЙ"" ВОЛОКІВСЬКОЇ СІЛЬСЬКОЇ РАДИ ЧЕРНІВЕЦЬКОГО РАЙОНУ ЧЕРНІВЕЦЬКОЇ ОБЛАСТІ",22831813,Чернівецька область
15e7e35968df4283a39505cc494ae096,UA-2026-08-21-010547-a,2026-08-21T15:28:54.584444+03:00,2026-08-21T15:29:40.803302+03:00,complete,goods,15620000-0,Крохмалі та крохмалепродукти,31720.0,UAH,"ВІДДІЛ ОСВІТИ, СІМ'Ї, МОЛОДІ, СПОРТУ ТА КУЛЬТУРИ  МІЖГІРСЬКОЇ СЕЛИЩНОЇ РАДИ",44070606,Закарпатська область
c6268b6acdae4e5f8725202447d1ca8d,UA-2026-08-21-010402-a,2026-08-21T15:24:06.772946+03:00,2026-08-21T15:29:27.651006+03:00,active.tendering,goods,15110000-2,М’ясо,292325.0,UAH,Грицівська селищна рада,04402563,Хмельницька область
0670cdae5333446b95d32da82fde8b55,UA-2026-08-21-010508-a,2026-08-21T15:27:47.466349+03:00,2026-08-21T15:29:07.439075+03:00,active.tendering,goods,15320000-7,Фруктові та овочеві соки,39368.0,UAH,"КОМУНАЛЬНЕ НЕКОМЕРЦІЙНЕ ПІДПРИЄМСТВО ""ЦЕНТРАЛЬНА МІСЬКА КЛІНІЧНА ЛІКАРНЯ ІВАНО-ФРАНКІВСЬКОЇ МІСЬКОЇ РАДИ""",01993305,Івано-Франківська область
08a4c77b15574d4dbe1c951aad389f77,UA-2026-08-21-010289-a,2026-08-21T15:20:18.986641+03:00,2026-08-21T15:28:53.818541+03:00,active.tendering,goods,15550000-8,Молочні продукти різні,115389.74,UAH,"ОПОРНИЙ ЗАКЛАД ""РЕШЕТИЛІВСЬКИЙ ЛІЦЕЙ ІМЕНІ І.Л. ОЛІЙНИКА РЕШЕТИЛІВСЬКОЇ МІСЬКОЇ РАДИ""",21065914,Полтавська область
8033a29fdb3d4b0f9d9b9f9347b08f69,UA-2026-08-21-010510-a,2026-08-21T15:27:54.119076+03:00,2026-08-21T15:28:26.675815+03:00,complete,goods,15860000-4,"Кава, чай та супутня продукція",672.0,UAH,"УПРАВЛІННЯ КУЛЬТУРИ, ТУРИЗМУ, МОЛОДІ ТА СПОРТУ САРНЕНСЬКОЇ МІСЬКОЇ РАДИ",44086972,Рівненська область
83826b467c0f46be81cb8e9a4424a92c,UA-2026-08-21-010484-a,2026-08-21T15:27:02.200151+03:00,2026-08-21T15:27:59.200122+03:00,complete,goods,15890000-3,Продукти харчування та сушені продукти різні,150.0,UAH,БРАЇЛІВСЬКА ГІМНАЗІЯ ЖМЕРИНСЬКОЇ МІСЬКОЇ ТЕРИТОРІАЛЬНОЇ ГРОМАДИ,26242508,Вінницька область
03a41e68378348b79a8d664b8732d3e2,UA-2026-08-21-010463-a,2026-08-21T15:26:14.789708+03:00,2026-08-21T15:27:49.666179+03:00,active.tendering,goods,15510000-6,Молоко та вершки,49068.0,UAH,Відділ освіти Підволочиської селищної ради,40508989,Тернопільська область
b3dd4210a5c84591bf3c2a37a1bd9a16,UA-2026-08-21-010457-a,2026-08-21T15:25:57.031581+03:00,2026-08-21T15:27:24.000898+03:00,active.tendering,goods,15330000-0,Оброблені фрукти та овочі,254000.0,UAH,"ОПОРНИЙ ЗАКЛАД ""РОКИТНІВСЬКИЙ ЛІЦЕЙ №3"" РОКИТНІВСЬКОЇ СЕЛИЩНОЇ РАДИ",25319292,Рівненська область
6408e0bdefed489da9329fe266eee60a,UA-2026-08-21-010470-a,2026-08-21T15:26:25.449827+03:00,2026-08-21T15:27:23.622925+03:00,active.tendering,goods,15610000-7,Продукція борошномельно-круп'яної промисловості,111850.0,UAH,"ВІДДІЛ ОСВІТИ, КУЛЬТУРИ, МОЛОДІ ТА СПОРТУ ВИКОНАВЧОГО КОМІТЕТУ ГРАДИЗЬКОЇ СЕЛИЩНОЇ РАДИ КРЕМЕНЧУЦЬКОГО РАЙОНУ ПОЛТАВСЬКОЇ ОБЛАСТІ",43922872,Полтавська область
3d607a338262402ead09dab5f81fb35b,UA-2026-08-21-010409-a,2026-08-21T15:24:22.029629+03:00,2026-08-21T15:27:23.096828+03:00,active.tendering,goods,15550000-8,Молочні продукти різні,128000.0,UAH,"Обласний комунальний навчальний заклад ""Буковинський ліцей-інтернат з посиленою військово-фізичною підготовкою""",32750757,Чернівецька область
d81c2a82037445f1ae6fd4a3e81df2a9,UA-2026-08-18-013275-a,2026-08-18T19:50:00.931052+03:00,2026-08-21T15:26:57.751579+03:00,active.awarded,goods,15220000-6,"Риба, рибне філе та інше м’ясо риби морожені",88529.17,UAH,КРЕМЕНЧУЦЬКА ГІМНАЗІЯ №7 КРЕМЕНЧУЦЬКОЇ МІСЬКОЇ РАДИ КРЕМЕНЧУЦЬКОГО РАЙОНУ ПОЛТАВСЬКОЇ ОБЛАСТІ,23553919,Полтавська область
e6436d997712454493b58d0637cc0592,UA-2026-08-21-010403-a,2026-08-21T15:24:07.592258+03:00,2026-08-21T15:26:26.924209+03:00,active.tendering,goods,15220000-6,"Риба, рибне філе та інше м’ясо риби морожені",37000.0,UAH,Полонський будинок-інтернат для громадян похилого віку та осіб з інвалідністю,21326846,Хмельницька область
5faf7f20c02b4f4ca8aee4424a93856b,UA-2026-08-21-010389-a,2026-08-21T15:23:53.213564+03:00,2026-08-21T15:25:58.315269+03:00,active.tendering,goods,15320000-7,Фруктові та овочеві соки,99000.0,UAH,Варковицька сільська рада,04386491,Рівненська область
e399d248a20443e6867260e9671d6eee,UA-2026-08-21-010436-a,2026-08-21T15:25:07.580577+03:00,2026-08-21T15:25:48.836242+03:00,active.tendering,goods,15530000-2,Вершкове масло,49896.0,UAH,"ВІДДІЛ ОСВІТИ, КУЛЬТУРИ, МОЛОДІ ТА СПОРТУ КОЗІВСЬКОЇ СЕЛИЩНОЇ РАДИ",44080090,Тернопільська область
c25684182638488bab9b3069e728d3b2,UA-2026-08-21-010016-a,2026-08-21T15:11:41.225583+03:00,2026-08-21T15:25:20.570790+03:00,complete,goods,15860000-4,"Кава, чай та супутня продукція",749.5,UAH,КЗ ЦЕНТР НАДАННЯ СОЦІАЛЬНИХ ПОСЛУГ ПІДВОЛОЧИСЬКОЇ СЕЛИЩНОЇ РАДИ,40391916,Тернопільська область
53b78abab2f24c6aad175eb3074531d0,UA-2026-08-21-010320-a,2026-08-21T15:21:21.212016+03:00,2026-08-21T15:24:59.168986+03:00,complete,goods,15870000-7,Заправки та приправи,66960.0,UAH,"ВІДДІЛ ОСВІТИ, СІМ'Ї, МОЛОДІ, СПОРТУ ТА КУЛЬТУРИ  МІЖГІРСЬКОЇ СЕЛИЩНОЇ РАДИ",44070606,Закарпатська область
6488773448994ebba0fbf0ad38b9491a,UA-2026-08-21-010343-a,2026-08-21T15:22:15.003224+03:00,2026-08-21T15:24:58.111666+03:00,complete,goods,15830000-5,Цукор і супутня продукція,60.0,UAH,"УПРАВЛІННЯ КУЛЬТУРИ, ТУРИЗМУ, МОЛОДІ ТА СПОРТУ САРНЕНСЬКОЇ МІСЬКОЇ РАДИ",44086972,Рівненська область
9d66c38c79f74dd68e60bcacc33298b1,UA-2026-08-21-010287-a,2026-08-21T15:20:17.439948+03:00,2026-08-21T15:24:52.620272+03:00,complete,goods,15330000-0,Оброблені фрукти та овочі,14615.0,UAH,Пирятинський ліцей Пирятинської міської ради Полтавської області,21065765,Полтавська область
33bd106977054b2a8de7416f0cee5b7b,UA-2026-08-21-010319-a,2026-08-21T15:21:18.521155+03:00,2026-08-21T15:24:26.153127+03:00,active.tendering,goods,15110000-2,М’ясо,130386.0,UAH,Управління освіти Новоодеської міської ради,44059865,Миколаївська область
dec85364dd4f45eba226fdef7b2f11d2,UA-2026-08-21-002996-a,2026-08-21T10:49:02.081268+03:00,2026-08-21T15:23:14.314287+03:00,cancelled,goods,15510000-6,Молоко та вершки,135850.0,UAH,Комунальний заклад «Ліцей №1» Кам’янської міської ради,23076709,Дніпропетровська область
7b9d2170ad094dc383c25a2d8b838fc4,UA-2026-08-21-010350-a,2026-08-21T15:22:23.614592+03:00,2026-08-21T15:22:56.658819+03:00,complete,goods,15420000-8,Рафіновані олії та жири,4270.0,UAH,"КОМУНАЛЬНЕ НЕКОМЕРЦІЙНЕ ПІДПРИЄМСТВО ""ЯМПІЛЬСЬКА ТЕРИТОРІАЛЬНА ЛІКАРНЯ"" ЯМПІЛЬСЬКОЇ МІСЬКОЇ РАДИ",01982726,Вінницька область
f58aa31c0aa64ab7b10f8d93fc2750c3,UA-2026-08-21-010304-a,2026-08-21T15:20:44.580331+03:00,2026-08-21T15:21:56.877125+03:00,complete,goods,15870000-7,Заправки та приправи,2400.0,UAH,"Державна установа ""Табір для тримання військовополонених ""Центр 5""",08562973,Дніпропетровська область
e0f0a2d1d2f0438f9b0359ca6f447721,UA-2026-08-21-009949-a,2026-08-21T15:09:37.795207+03:00,2026-08-21T15:21:00.947263+03:00,complete,goods,15830000-5,Цукор і супутня продукція,418.0,UAH,Новоселівський заклад дошкільної освіти  (ясла-садок) Саратської селищної ради Білгород-Дністровського району Одеської області,35623111,Одеська область
54070319b5d44a4799a78a950bbfaa67,UA-2026-08-21-010001-a,2026-08-21T15:11:17.910549+03:00,2026-08-21T15:20:59.924157+03:00,complete,goods,15330000-0,Оброблені фрукти та овочі,302.4,UAH,"Державний навчальний заклад ""Полонський агропромисловий центр професійної освіти""",02548386,Хмельницька область
5850b8fa93e44f0eaecb071f69fa77a0,UA-2026-08-21-009282-a,2026-08-21T14:48:21.280047+03:00,2026-08-21T15:20:23.343348+03:00,complete,goods,15610000-7,Продукція борошномельно-круп'яної промисловості,600.0,UAH,Зарічненський центр надання соціальних послуг,22559434,Рівненська область
b5580e30cd6b4e5cafe77802d6e21c2a,UA-2026-08-18-010120-a,2026-08-18T15:35:18.243469+03:00,2026-08-21T15:19:23.899610+03:00,active.awarded,goods,15330000-0,Оброблені фрукти та овочі,345500.0,UAH,Середнянська селищна рада Ужгородського району Закарпатської області,04349923,Закарпатська область
bdd27cdeb5194b97a7fd3dd886c3177b,UA-2026-08-18-012285-a,2026-08-18T16:56:22.704379+03:00,2026-08-21T15:18:53.366727+03:00,active.awarded,goods,15610000-7,Продукція борошномельно-круп'яної промисловості,272827.5,UAH,"Відділ освіти, культури, молоді та спорту Корюківської міської ради",41086985,Чернігівська область
67d840e5b1ef4fae9865d0de20311ec5,UA-2026-08-21-010214-a,2026-08-21T15:17:43.332256+03:00,2026-08-21T15:18:39.743728+03:00,complete,goods,15840000-8,Какао; шоколад та цукрові кондитерські вироби,1900.0,UAH,БРАЇЛІВСЬКА ГІМНАЗІЯ ЖМЕРИНСЬКОЇ МІСЬКОЇ ТЕРИТОРІАЛЬНОЇ ГРОМАДИ,26242508,Вінницька область
70929adaf91549f2b7a4021b9b81afe6,UA-2026-08-21-010167-a,2026-08-21T15:16:05.480895+03:00,2026-08-21T15:17:22.662539+03:00,complete,goods,15810000-9,"Хлібопродукти, свіжовипечені хлібобулочні та кондитерські вироби",630.0,UAH,Річківська гімназія Пилипецької сільської ради Закарпатської області,25439518,Закарпатська область
0131acdc80cb435db5b97aa5ab635ad2,UA-2026-08-21-010169-a,2026-08-21T15:16:10.848539+03:00,2026-08-21T15:17:10.686059+03:00,active.tendering,goods,15110000-2,М’ясо,28333.33,UAH,Володьководівицька гімназія Носівської міської ради Чернігівської області,26493661,Чернігівська область
43c50483857944f38f3af89623dcd97f,UA-2026-08-21-010112-a,2026-08-21T15:14:30.116230+03:00,2026-08-21T15:16:38.218267+03:00,complete,goods,15860000-4,"Кава, чай та супутня продукція",273.6,UAH,"КОМУНАЛЬНЕ НЕКОМЕРЦІЙНЕ ПІДПРИЄМСТВО ""НАРОДИЦЬКА ЛІКАРНЯ"" НАРОДИЦЬКОЇ СЕЛИЩНОЇ РАДИ",42739284,Житомирська область
67976a0cea6747c090ad42f0c2265044,UA-2026-08-17-008413-a,2026-08-17T14:59:45.768096+03:00,2026-08-21T15:16:34.334806+03:00,complete,goods,15220000-6,"Риба, рибне філе та інше м’ясо риби морожені",49075.9,UAH,Дмитрівська селищна рада,04412395,Чернігівська область
81cd48b43e22472f81fcbdc77e1facd2,UA-2026-08-21-010150-a,2026-08-21T15:15:38.023588+03:00,2026-08-21T15:16:33.163710+03:00,active.tendering,goods,15510000-6,Молоко та вершки,27819.0,UAH,"ВІДДІЛ ОСВІТИ, КУЛЬТУРИ, МОЛОДІ ТА СПОРТУ КОЗІВСЬКОЇ СЕЛИЩНОЇ РАДИ",44080090,Тернопільська область
1daaa53f03d34970be73905ae5994285,UA-2026-08-21-009974-a,2026-08-21T15:10:31.319094+03:00,2026-08-21T15:16:09.792848+03:00,complete,goods,15820000-2,Сухарі та печиво; пресерви з хлібобулочних і кондитерських виробів,464.5,UAH,"УПРАВЛІННЯ КУЛЬТУРИ, ТУРИЗМУ, МОЛОДІ ТА СПОРТУ САРНЕНСЬКОЇ МІСЬКОЇ РАДИ",44086972,Рівненська область
846c1f40dd49433b95bb1f0a6b4d2e3d,UA-2026-08-21-010126-a,2026-08-21T15:14:52.837619+03:00,2026-08-21T15:15:51.336500+03:00,complete,goods,15870000-7,Заправки та приправи,431.0,UAH,БРАЇЛІВСЬКА ГІМНАЗІЯ ЖМЕРИНСЬКОЇ МІСЬКОЇ ТЕРИТОРІАЛЬНОЇ ГРОМАДИ,26242508,Вінницька область
5ac3d230d1e748c3b71e32ea72377f64,UA-2026-08-21-009891-a,2026-08-21T15:07:35.273794+03:00,2026-08-21T15:15:20.754329+03:00,complete,goods,15840000-8,Какао; шоколад та цукрові кондитерські вироби,3500.0,UAH,КЗ Центр розвитку фізкультури і спорту,44557830,Львівська область
0ed2a530d57b40b8a59e67943a254885,UA-2026-08-21-010020-a,2026-08-21T15:11:56.154302+03:00,2026-08-21T15:14:59.602575+03:00,active.tendering,goods,15110000-2,М’ясо,147145.83,UAH,Удобненський ліцей Маяківської сільської ради Одеського району Одеської області,34169287,Одеська область
bdd82d7e6e214fb896cacefee52ccdc2,UA-2026-08-21-010081-a,2026-08-21T15:13:47.448583+03:00,2026-08-21T15:14:12.950729+03:00,active.tendering,goods,15220000-6,"Риба, рибне філе та інше м’ясо риби морожені",321600.0,UAH,ЮРКОВЕЦЬКА СІЛЬСЬКА РАДА ЧЕРНІВЕЦЬКОГО РАЙОНУ ЧЕРНІВЕЦЬКОЇ ОБЛАСТІ,04418653,Чернівецька область
71a0fa3f7fd84a28a1ea8bf95d40d879,UA-2026-08-17-011616-a,2026-08-17T16:57:36.341247+03:00,2026-08-21T15:12:36.815749+03:00,complete,goods,15540000-5,Сирні продукти,43500.0,UAH,"ЗАКЛАД ДОШКІЛЬНОЇ ОСВІТИ №3 ""ВЕСЕЛКА"" ЖМЕРИНСЬКОЇ МІСЬКОЇ  ТЕРИТОРІАЛЬНОЇ ГРОМАДИ ",34626184,Вінницька область
c528012fd8ac416abc6b247b722b4dd2,UA-2026-08-21-009975-a,2026-08-21T15:10:32.572817+03:00,2026-08-21T15:12:20.762312+03:00,active.tendering,goods,15510000-6,Молоко та вершки,53650.0,UAH,"Комунальний заклад ""Гімназія №9"" Кам'янської міської ради",23642273,Дніпропетровська область
529ce14170024acfbce63104607eb229,UA-2026-08-21-009749-a,2026-08-21T15:03:55.603320+03:00,2026-08-21T15:12:18.218079+03:00,complete,goods,15610000-7,Продукція борошномельно-круп'яної промисловості,412.5,UAH,КЗ ЦЕНТР НАДАННЯ СОЦІАЛЬНИХ ПОСЛУГ ПІДВОЛОЧИСЬКОЇ СЕЛИЩНОЇ РАДИ,40391916,Тернопільська область
c2b9360982f549bfad221d7284f828e6,UA-2026-08-21-009983-a,2026-08-21T15:10:52.728642+03:00,2026-08-21T15:11:40.890566+03:00,complete,goods,15240000-2,Рибні консерви та інші рибні страви і пресерви,6700.0,UAH,"Державна установа ""Табір для тримання військовополонених ""Центр 5""",08562973,Дніпропетровська область
e0e799bc8c1045a283461507a0c25d11,UA-2026-08-21-009961-a,2026-08-21T15:10:17.476912+03:00,2026-08-21T15:11:35.038112+03:00,complete,goods,15610000-7,Продукція борошномельно-круп'яної промисловості,15035.0,UAH,БРАЇЛІВСЬКА ГІМНАЗІЯ ЖМЕРИНСЬКОЇ МІСЬКОЇ ТЕРИТОРІАЛЬНОЇ ГРОМАДИ,26242508,Вінницька область
f30e8e36ee6f4a208fd4b06b1f7d3185,UA-2026-08-21-009553-a,2026-08-21T14:57:10.602678+03:00,2026-08-21T15:11:26.097592+03:00,complete,goods,15330000-0,Оброблені фрукти та овочі,10972.0,UAH,Горожанський психоневрологічний інтернат,03190596,Миколаївська область
b885ca6ac32e4fe3905e47f24b448c3b,UA-2026-08-21-009820-a,2026-08-21T15:06:02.423195+03:00,2026-08-21T15:11:22.514289+03:00,active.tendering,goods,15330000-0,Оброблені фрукти та овочі,65817.5,UAH,Головне управління справами Міністерства оборони України,24978319,Київська область
05da59f16537429f897e5994bc0226c8,UA-2026-08-21-009946-a,2026-08-21T15:09:34.250521+03:00,2026-08-21T15:11:20.092891+03:00,complete,goods,15830000-5,Цукор і супутня продукція,63460.0,UAH,"ВІДДІЛ ОСВІТИ, СІМ'Ї, МОЛОДІ, СПОРТУ ТА КУЛЬТУРИ  МІЖГІРСЬКОЇ СЕЛИЩНОЇ РАДИ",44070606,Закарпатська область
c6970af36c264ee79472cf5b2f9ee929,UA-2026-08-21-009877-a,2026-08-21T15:07:12.555049+03:00,2026-08-21T15:10:30.692788+03:00,active.tendering,goods,15540000-5,Сирні продукти,135000.0,UAH,СЛАВУТСЬКА ГІМНАЗІЯ №3 СЛАВУТСЬКОЇ МІСЬКОЇ РАДИ,26496518,Хмельницька область
54b5a7137aba440cabd0626546ccacb1,UA-2026-08-21-009718-a,2026-08-21T15:02:58.820295+03:00,2026-08-21T15:10:28.022636+03:00,complete,goods,15610000-7,Продукція борошномельно-круп'яної промисловості,2250.0,UAH,"КП ""Кролевецька  лікарня"" Кролевецької міської ради",02007549,Сумська область
13115af9375a47c78410f1c441bd68ad,UA-2026-08-21-009472-a,2026-08-21T14:54:53.322180+03:00,2026-08-21T15:10:27.560525+03:00,complete,goods,15610000-7,Продукція борошномельно-круп'яної промисловості,260.44,UAH,"Державний навчальний заклад ""Полонський агропромисловий центр професійної освіти""",02548386,Хмельницька область
b56296d6e1e64af5af4a69b800c34025,UA-2026-08-21-009922-a,2026-08-21T15:08:44.585006+03:00,2026-08-21T15:10:16.913530+03:00,active.tendering,goods,15320000-7,Фруктові та овочеві соки,194602.5,UAH,СТАРОВИЖІВСЬКА СЕЛИЩНА РАДА,04333224,Волинська область
23c57fd9a0974a3c8ef0d7f387daa9d3,UA-2026-08-21-009796-a,2026-08-21T15:05:27.744460+03:00,2026-08-21T15:10:13.455702+03:00,active.tendering,goods,15320000-7,Фруктові та овочеві соки,50000.0,UAH,"комунальне некомерційне підприємство ""Могилів-Подільська окружна лікарня інтенсивного лікування"" Могилів-Подільської міської ради",01982591,Вінницька область
3322e470695e484f99d135122665e599,UA-2026-08-21-009926-a,2026-08-21T15:08:53.425893+03:00,2026-08-21T15:10:10.098124+03:00,active.tendering,goods,15810000-9,"Хлібопродукти, свіжовипечені хлібобулочні та кондитерські вироби",272293.89,UAH,Броварський ліцей № 9 Броварської міської ради Броварського району Київської області,22208830,Київська область
4051d0073eaf48b79a12f8a95793a711,UA-2026-08-21-009913-a,2026-08-21T15:08:26.140267+03:00,2026-08-21T15:09:30.082219+03:00,complete,goods,15131130-5,Ковбаси,1501.0,UAH,Хорольський будинок-інтернат для громадян похилого віку та осіб з інвалідністю,03189179,Полтавська область
78306642ef2b460a8412d7148f9b3b29,UA-2026-08-21-009931-a,2026-08-21T15:08:58.631264+03:00,2026-08-21T15:09:21.785799+03:00,active.tendering,goods,15420000-8,Рафіновані олії та жири,128266.66,UAH,ЮРКОВЕЦЬКА СІЛЬСЬКА РАДА ЧЕРНІВЕЦЬКОГО РАЙОНУ ЧЕРНІВЕЦЬКОЇ ОБЛАСТІ,04418653,Чернівецька область
137c6056221c45fe9966cd6c400bf05e,UA-2026-08-21-009775-a,2026-08-21T15:05:00.321825+03:00,2026-08-21T15:09:19.034953+03:00,active.tendering,goods,15980000-1,Безалкогольні напої,231795.83,UAH,Головне управління справами Міністерства оборони України,24978319,Київська область
9b64303231724770ab1bad7da4662166,UA-2026-08-21-009907-a,2026-08-21T15:08:08.168096+03:00,2026-08-21T15:09:08.735251+03:00,complete,goods,15810000-9,"Хлібопродукти, свіжовипечені хлібобулочні та кондитерські вироби",1200.0,UAH,Річківська гімназія Пилипецької сільської ради Закарпатської області,25439518,Закарпатська область
442b8e2c438b4e238bc5dca084194ec0,UA-2026-08-21-009443-a,2026-08-21T14:53:56.580754+03:00,2026-08-21T15:08:46.199038+03:00,complete,goods,15620000-0,Крохмалі та крохмалепродукти,396.0,UAH,Новоселівський заклад дошкільної освіти  (ясла-садок) Саратської селищної ради Білгород-Дністровського району Одеської області,35623111,Одеська область
f72a6c76a4b2490e9eb0d5d613fb0c1c,UA-2026-08-21-009890-a,2026-08-21T15:07:33.539610+03:00,2026-08-21T15:07:55.052869+03:00,complete,goods,15810000-9,"Хлібопродукти, свіжовипечені хлібобулочні та кондитерські вироби",1722.0,UAH,"УПРАВЛІННЯ КУЛЬТУРИ, ТУРИЗМУ, МОЛОДІ ТА СПОРТУ САРНЕНСЬКОЇ МІСЬКОЇ РАДИ",44086972,Рівненська область
9ea7bc3078b44faaa1f7c86f31ca46d6,UA-2026-08-21-009773-a,2026-08-21T15:04:51.526146+03:00,2026-08-21T15:07:49.107044+03:00,complete,goods,15870000-7,Заправки та приправи,606.0,UAH,"КОМУНАЛЬНЕ НЕКОМЕРЦІЙНЕ ПІДПРИЄМСТВО ""НАРОДИЦЬКА ЛІКАРНЯ"" НАРОДИЦЬКОЇ СЕЛИЩНОЇ РАДИ",42739284,Житомирська область
9b4270fc72cc4f828b9bc74b9aca3029,UA-2026-08-21-009851-a,2026-08-21T15:06:39.496085+03:00,2026-08-21T15:07:24.349420+03:00,active.tendering,goods,15850000-1,Макаронні вироби,33750.0,UAH,"КОМУНАЛЬНЕ НЕКОМЕРЦІЙНЕ ПІДПРИЄМСТВО ""ВІННИЦЬКА ОБЛАСНА ДИТЯЧА КЛІНІЧНА ЛІКАРНЯ ВІННИЦЬКОЇ ОБЛАСНОЇ РАДИ""",03082760,Вінницька область
d680280d65dd4a6b8dd849f1f1142c78,UA-2026-08-17-005012-a,2026-08-17T12:30:10.724374+03:00,2026-08-21T15:06:57.762197+03:00,complete,goods,15860000-4,"Кава, чай та супутня продукція",12750.0,UAH,Комунальне некомерційне підприємство «Обласний клінічний заклад психоневрологічної допомоги та соціально значущих хвороб» Запорізької обласної ради,05498909,Запорізька область
96e7f7946f104dfeb39877157edc63ec,UA-2026-08-21-009786-a,2026-08-21T15:05:16.340252+03:00,2026-08-21T15:06:46.569603+03:00,active.tendering,goods,15110000-2,М’ясо,234921.0,UAH,Відділ освіти Підволочиської селищної ради,40508989,Тернопільська область
92836b4c1d344289a8f60eeea5bf7d56,UA-2026-08-21-009818-a,2026-08-21T15:05:59.248231+03:00,2026-08-21T15:06:32.861042+03:00,active.enquiries,goods,15320000-7,Фруктові та овочеві соки,1171440.0,UAH,"ГОЛОВНИЙ ЦЕНТР КАПІТАЛЬНОГО БУДІВНИЦТВА, РЕКОНСТРУКЦІЇ ТА ЗАКУПІВЕЛЬ ДЕРЖАВНОЇ ПРИКОРДОННОЇ СЛУЖБИ УКРАЇНИ",23311317,
b9608232cd844fc2b800d60a88356f07,UA-2026-08-21-009794-a,2026-08-21T15:05:22.550587+03:00,2026-08-21T15:05:58.078853+03:00,active.tendering,goods,15550000-8,Молочні продукти різні,72177.38,UAH,"ВІДДІЛ ОСВІТИ, КУЛЬТУРИ, МОЛОДІ ТА СПОРТУ КОЗІВСЬКОЇ СЕЛИЩНОЇ РАДИ",44080090,Тернопільська область
2b125928dd23487ba1a97c40b97c5778,UA-2026-08-21-009751-a,2026-08-21T15:03:56.454774+03:00,2026-08-21T15:05:48.248575+03:00,active.tendering,goods,15320000-7,Фруктові та овочеві соки,54300.0,UAH,ВЕРХНЬОДНІПРОВСЬКИЙ ЛІЦЕЙ №5 ВЕРХНЬОДНІПРОВСЬКОЇ МІСЬКОЇ РАДИ,26372681,Дніпропетровська область
7d476eb7eb5d4891aec473756e29b1db,UA-2026-08-21-009788-a,2026-08-21T15:05:17.688823+03:00,2026-08-21T15:05:40.422597+03:00,complete,goods,15860000-4,"Кава, чай та супутня продукція",711.5,UAH,"УПРАВЛІННЯ КУЛЬТУРИ, ТУРИЗМУ, МОЛОДІ ТА СПОРТУ САРНЕНСЬКОЇ МІСЬКОЇ РАДИ",44086972,Рівненська область
5c83c9fa906e4f2d805fb7c2adef4cba,UA-2026-08-18-009530-a,2026-08-18T15:17:56.504116+03:00,2026-08-21T15:05:19.811025+03:00,active.awarded,goods,15530000-2,Вершкове масло,179802.0,UAH,Вище професійне училище Львівського державного університету безпеки життєдіяльності (м.Вінниця)    Львівський державний університет безпеки життєдіяльності,38821236,Вінницька область
eda04dd4a91c43d9a6906fab96135f70,UA-2026-08-21-009762-a,2026-08-21T15:04:10.530858+03:00,2026-08-21T15:05:02.602519+03:00,complete,goods,15850000-1,Макаронні вироби,1620.0,UAH,БРАЇЛІВСЬКА ГІМНАЗІЯ ЖМЕРИНСЬКОЇ МІСЬКОЇ ТЕРИТОРІАЛЬНОЇ ГРОМАДИ,26242508,Вінницька область
